{
  "@microsoft/generator-sharepoint": {
    "plusBeta": false,
    "isCreatingSolution": true,
    "nodeVersion": "18.20.4",
    "sdksVersions": {
      "@microsoft/microsoft-graph-client": "3.0.2",
      "@microsoft/teams-js": "2.12.0"
    },
    "version": "1.19.0",
    "libraryName": "mis-pnp-upload",
    "libraryId": "05bbceed-cb2d-4c79-905b-6936f9634b0a",
    "environment": "spo",
    "packageManager": "npm",
    "solutionName": "mis-pnp-upload",
    "solutionShortDescription": "mis-pnp-upload description",
    "skipFeatureDeployment": true,
    "isDomainIsolated": false,
    "componentType": "webpart"
  }
}
