[{"manifestCreationTime":1728912277439,"manifestData":{"id":"537c66cf-289c-4aa0-b833-200d1abab242","alias":"MisPnpUoloadWebPart","componentType":"WebPart","version":"0.0.1","manifestVersion":2,"requiresCustomScript":false,"supportedHosts":["SharePointWebPart","TeamsPersonalApp","TeamsTab","SharePointFullPage"],"supportsThemeVariants":true,"preconfiguredEntries":[{"groupId":"5c03119e-3074-46fd-976b-c60198311f70","group":{"default":"Advanced"},"title":{"default":"mis-pnp-upload"},"description":{"default":"mis-pnp-upload description"},"officeFabricIconFontName":"Page","properties":{"description":"mis-pnp-upload"}}],"loaderConfig":{"internalModuleBaseUrls":["https://localhost:4321/dist/"],"entryModuleId":"mis-pnp-uoload-web-part","scriptResources":{"mis-pnp-uoload-web-part":{"type":"path","path":"mis-pnp-uoload-web-part.js"},"react":{"type":"component","id":"0d910c1c-13b9-4e1c-9aa4-b008c5e42d7d","version":"17.0.1"},"react-dom":{"type":"component","id":"aa0a46ec-1505-43cd-a44a-93f3a5aa460a","version":"17.0.1"},"@microsoft/sp-core-library":{"type":"component","id":"7263c7d0-1d6a-45ec-8d85-d4d1d234171b","version":"1.19.0"},"@microsoft/sp-property-pane":{"type":"component","id":"f9e737b7-f0df-4597-ba8c-3060f82380db","version":"1.19.0"},"@microsoft/sp-webpart-base":{"type":"component","id":"974a7777-0990-4136-8fa6-95d80114c2e0","version":"1.19.0"},"MisPnpUoloadWebPartStrings":{"type":"path","path":"MisPnpUoloadWebPartStrings_en-us.js"}}}},"relativeManifestPath":"dist/537c66cf-289c-4aa0-b833-200d1abab242.manifest.json","packageName":"mis-pnp-upload"},{"manifestCreationTime":1726646470696,"manifestData":{"id":"73e1dc6c-8441-42cc-ad47-4bd3659f8a3a","alias":"SPLodashSubset","componentType":"Library","version":"1.19.0","manifestVersion":2,"loaderConfig":{"internalModuleBaseUrls":[],"entryModuleId":"sp-lodash-subset","scriptResources":{"sp-lodash-subset":{"type":"path","path":"sp-lodash-subset_3174f74d982968c6997c.js"}}}},"relativeManifestPath":"node_modules/@microsoft/sp-lodash-subset/dist/73e1dc6c-8441-42cc-ad47-4bd3659f8a3a.manifest.json","packageName":"@microsoft/sp-lodash-subset"},{"manifestCreationTime":1726646479186,"manifestData":{"id":"7263c7d0-1d6a-45ec-8d85-d4d1d234171b","alias":"SPCoreLibrary","componentType":"Library","version":"1.19.0","manifestVersion":2,"loaderConfig":{"internalModuleBaseUrls":["https://localhost:4321/dist/"],"entryModuleId":"sp-core-library","scriptResources":{"sp-core-library":{"type":"localizedPath","paths":{"default":{"path":"sp-core-library_default_611b5b9f84052eb5f146.js","integrity":"sha256-JeFlearPNki1LF/fnCDrwMggJ8az7043USv8m8W0HAI="},"en-US":{"path":"sp-core-library_en-us_f2a88cb284a2c28ac3fb.js","integrity":"sha256-JnyQtN83bdnNhsvAowKmUjX4RquRM+7llRxXRwgmY/w="},"qps-ploca":{"path":"sp-core-library_qps-ploca_e748125b0b9de71bbab1.js","integrity":"sha256-Lk1t0AAQzDl4KYh7Pi3VXtp4LV45PFYPGIUNZTev1w0="},"qps-ploc":{"path":"sp-core-library_qps-ploc_51400648c31ab752d264.js","integrity":"sha256-uHRx+XUzsD+dfxlslbLIVsmRYTMBCGKtZl3tt6AOhdI="},"en-GB":{"path":"sp-core-library_en-us_f2a88cb284a2c28ac3fb.js","integrity":"sha256-JnyQtN83bdnNhsvAowKmUjX4RquRM+7llRxXRwgmY/w="},"en-NZ":{"path":"sp-core-library_en-us_f2a88cb284a2c28ac3fb.js","integrity":"sha256-JnyQtN83bdnNhsvAowKmUjX4RquRM+7llRxXRwgmY/w="},"en-IE":{"path":"sp-core-library_en-us_f2a88cb284a2c28ac3fb.js","integrity":"sha256-JnyQtN83bdnNhsvAowKmUjX4RquRM+7llRxXRwgmY/w="},"en-AU":{"path":"sp-core-library_en-us_f2a88cb284a2c28ac3fb.js","integrity":"sha256-JnyQtN83bdnNhsvAowKmUjX4RquRM+7llRxXRwgmY/w="},"bn":{"path":"sp-core-library_en-us_f2a88cb284a2c28ac3fb.js","integrity":"sha256-JnyQtN83bdnNhsvAowKmUjX4RquRM+7llRxXRwgmY/w="},"chr":{"path":"sp-core-library_en-us_f2a88cb284a2c28ac3fb.js","integrity":"sha256-JnyQtN83bdnNhsvAowKmUjX4RquRM+7llRxXRwgmY/w="},"dv":{"path":"sp-core-library_en-us_f2a88cb284a2c28ac3fb.js","integrity":"sha256-JnyQtN83bdnNhsvAowKmUjX4RquRM+7llRxXRwgmY/w="},"div":{"path":"sp-core-library_en-us_f2a88cb284a2c28ac3fb.js","integrity":"sha256-JnyQtN83bdnNhsvAowKmUjX4RquRM+7llRxXRwgmY/w="},"en":{"path":"sp-core-library_en-us_f2a88cb284a2c28ac3fb.js","integrity":"sha256-JnyQtN83bdnNhsvAowKmUjX4RquRM+7llRxXRwgmY/w="},"fil":{"path":"sp-core-library_en-us_f2a88cb284a2c28ac3fb.js","integrity":"sha256-JnyQtN83bdnNhsvAowKmUjX4RquRM+7llRxXRwgmY/w="},"haw":{"path":"sp-core-library_en-us_f2a88cb284a2c28ac3fb.js","integrity":"sha256-JnyQtN83bdnNhsvAowKmUjX4RquRM+7llRxXRwgmY/w="},"iu":{"path":"sp-core-library_en-us_f2a88cb284a2c28ac3fb.js","integrity":"sha256-JnyQtN83bdnNhsvAowKmUjX4RquRM+7llRxXRwgmY/w="},"lo":{"path":"sp-core-library_en-us_f2a88cb284a2c28ac3fb.js","integrity":"sha256-JnyQtN83bdnNhsvAowKmUjX4RquRM+7llRxXRwgmY/w="},"moh":{"path":"sp-core-library_en-us_f2a88cb284a2c28ac3fb.js","integrity":"sha256-JnyQtN83bdnNhsvAowKmUjX4RquRM+7llRxXRwgmY/w="},"sq":{"path":"sp-core-library_en-us_f2a88cb284a2c28ac3fb.js","integrity":"sha256-JnyQtN83bdnNhsvAowKmUjX4RquRM+7llRxXRwgmY/w="},"am":{"path":"sp-core-library_en-us_f2a88cb284a2c28ac3fb.js","integrity":"sha256-JnyQtN83bdnNhsvAowKmUjX4RquRM+7llRxXRwgmY/w="},"hy":{"path":"sp-core-library_en-us_f2a88cb284a2c28ac3fb.js","integrity":"sha256-JnyQtN83bdnNhsvAowKmUjX4RquRM+7llRxXRwgmY/w="},"mk":{"path":"sp-core-library_en-us_f2a88cb284a2c28ac3fb.js","integrity":"sha256-JnyQtN83bdnNhsvAowKmUjX4RquRM+7llRxXRwgmY/w="},"bs":{"path":"sp-core-library_en-us_f2a88cb284a2c28ac3fb.js","integrity":"sha256-JnyQtN83bdnNhsvAowKmUjX4RquRM+7llRxXRwgmY/w="},"my":{"path":"sp-core-library_en-us_f2a88cb284a2c28ac3fb.js","integrity":"sha256-JnyQtN83bdnNhsvAowKmUjX4RquRM+7llRxXRwgmY/w="},"dz":{"path":"sp-core-library_en-us_f2a88cb284a2c28ac3fb.js","integrity":"sha256-JnyQtN83bdnNhsvAowKmUjX4RquRM+7llRxXRwgmY/w="},"en-CY":{"path":"sp-core-library_en-us_f2a88cb284a2c28ac3fb.js","integrity":"sha256-JnyQtN83bdnNhsvAowKmUjX4RquRM+7llRxXRwgmY/w="},"en-EG":{"path":"sp-core-library_en-us_f2a88cb284a2c28ac3fb.js","integrity":"sha256-JnyQtN83bdnNhsvAowKmUjX4RquRM+7llRxXRwgmY/w="},"en-IL":{"path":"sp-core-library_en-us_f2a88cb284a2c28ac3fb.js","integrity":"sha256-JnyQtN83bdnNhsvAowKmUjX4RquRM+7llRxXRwgmY/w="},"en-IS":{"path":"sp-core-library_en-us_f2a88cb284a2c28ac3fb.js","integrity":"sha256-JnyQtN83bdnNhsvAowKmUjX4RquRM+7llRxXRwgmY/w="},"en-JO":{"path":"sp-core-library_en-us_f2a88cb284a2c28ac3fb.js","integrity":"sha256-JnyQtN83bdnNhsvAowKmUjX4RquRM+7llRxXRwgmY/w="},"en-KE":{"path":"sp-core-library_en-us_f2a88cb284a2c28ac3fb.js","integrity":"sha256-JnyQtN83bdnNhsvAowKmUjX4RquRM+7llRxXRwgmY/w="},"en-KW":{"path":"sp-core-library_en-us_f2a88cb284a2c28ac3fb.js","integrity":"sha256-JnyQtN83bdnNhsvAowKmUjX4RquRM+7llRxXRwgmY/w="},"en-MK":{"path":"sp-core-library_en-us_f2a88cb284a2c28ac3fb.js","integrity":"sha256-JnyQtN83bdnNhsvAowKmUjX4RquRM+7llRxXRwgmY/w="},"en-MT":{"path":"sp-core-library_en-us_f2a88cb284a2c28ac3fb.js","integrity":"sha256-JnyQtN83bdnNhsvAowKmUjX4RquRM+7llRxXRwgmY/w="},"en-PK":{"path":"sp-core-library_en-us_f2a88cb284a2c28ac3fb.js","integrity":"sha256-JnyQtN83bdnNhsvAowKmUjX4RquRM+7llRxXRwgmY/w="},"en-QA":{"path":"sp-core-library_en-us_f2a88cb284a2c28ac3fb.js","integrity":"sha256-JnyQtN83bdnNhsvAowKmUjX4RquRM+7llRxXRwgmY/w="},"en-SA":{"path":"sp-core-library_en-us_f2a88cb284a2c28ac3fb.js","integrity":"sha256-JnyQtN83bdnNhsvAowKmUjX4RquRM+7llRxXRwgmY/w="},"en-LK":{"path":"sp-core-library_en-us_f2a88cb284a2c28ac3fb.js","integrity":"sha256-JnyQtN83bdnNhsvAowKmUjX4RquRM+7llRxXRwgmY/w="},"en-AE":{"path":"sp-core-library_en-us_f2a88cb284a2c28ac3fb.js","integrity":"sha256-JnyQtN83bdnNhsvAowKmUjX4RquRM+7llRxXRwgmY/w="},"en-VN":{"path":"sp-core-library_en-us_f2a88cb284a2c28ac3fb.js","integrity":"sha256-JnyQtN83bdnNhsvAowKmUjX4RquRM+7llRxXRwgmY/w="},"is":{"path":"sp-core-library_en-us_f2a88cb284a2c28ac3fb.js","integrity":"sha256-JnyQtN83bdnNhsvAowKmUjX4RquRM+7llRxXRwgmY/w="},"km":{"path":"sp-core-library_en-us_f2a88cb284a2c28ac3fb.js","integrity":"sha256-JnyQtN83bdnNhsvAowKmUjX4RquRM+7llRxXRwgmY/w="},"kh":{"path":"sp-core-library_en-us_f2a88cb284a2c28ac3fb.js","integrity":"sha256-JnyQtN83bdnNhsvAowKmUjX4RquRM+7llRxXRwgmY/w="},"mt":{"path":"sp-core-library_en-us_f2a88cb284a2c28ac3fb.js","integrity":"sha256-JnyQtN83bdnNhsvAowKmUjX4RquRM+7llRxXRwgmY/w="},"fa":{"path":"sp-core-library_en-us_f2a88cb284a2c28ac3fb.js","integrity":"sha256-JnyQtN83bdnNhsvAowKmUjX4RquRM+7llRxXRwgmY/w="},"gd":{"path":"sp-core-library_en-us_f2a88cb284a2c28ac3fb.js","integrity":"sha256-JnyQtN83bdnNhsvAowKmUjX4RquRM+7llRxXRwgmY/w="},"sr-Cyrl-BA":{"path":"sp-core-library_en-us_f2a88cb284a2c28ac3fb.js","integrity":"sha256-JnyQtN83bdnNhsvAowKmUjX4RquRM+7llRxXRwgmY/w="},"sr-Latn-BA":{"path":"sp-core-library_en-us_f2a88cb284a2c28ac3fb.js","integrity":"sha256-JnyQtN83bdnNhsvAowKmUjX4RquRM+7llRxXRwgmY/w="},"sd":{"path":"sp-core-library_en-us_f2a88cb284a2c28ac3fb.js","integrity":"sha256-JnyQtN83bdnNhsvAowKmUjX4RquRM+7llRxXRwgmY/w="},"si":{"path":"sp-core-library_en-us_f2a88cb284a2c28ac3fb.js","integrity":"sha256-JnyQtN83bdnNhsvAowKmUjX4RquRM+7llRxXRwgmY/w="},"so":{"path":"sp-core-library_en-us_f2a88cb284a2c28ac3fb.js","integrity":"sha256-JnyQtN83bdnNhsvAowKmUjX4RquRM+7llRxXRwgmY/w="},"ti-ET":{"path":"sp-core-library_en-us_f2a88cb284a2c28ac3fb.js","integrity":"sha256-JnyQtN83bdnNhsvAowKmUjX4RquRM+7llRxXRwgmY/w="},"uz":{"path":"sp-core-library_en-us_f2a88cb284a2c28ac3fb.js","integrity":"sha256-JnyQtN83bdnNhsvAowKmUjX4RquRM+7llRxXRwgmY/w="},"en-SG":{"path":"sp-core-library_en-us_f2a88cb284a2c28ac3fb.js","integrity":"sha256-JnyQtN83bdnNhsvAowKmUjX4RquRM+7llRxXRwgmY/w="},"en-HK":{"path":"sp-core-library_en-us_f2a88cb284a2c28ac3fb.js","integrity":"sha256-JnyQtN83bdnNhsvAowKmUjX4RquRM+7llRxXRwgmY/w="},"en-MY":{"path":"sp-core-library_en-us_f2a88cb284a2c28ac3fb.js","integrity":"sha256-JnyQtN83bdnNhsvAowKmUjX4RquRM+7llRxXRwgmY/w="},"en-PH":{"path":"sp-core-library_en-us_f2a88cb284a2c28ac3fb.js","integrity":"sha256-JnyQtN83bdnNhsvAowKmUjX4RquRM+7llRxXRwgmY/w="},"en-TT":{"path":"sp-core-library_en-us_f2a88cb284a2c28ac3fb.js","integrity":"sha256-JnyQtN83bdnNhsvAowKmUjX4RquRM+7llRxXRwgmY/w="},"en-AZ":{"path":"sp-core-library_en-us_f2a88cb284a2c28ac3fb.js","integrity":"sha256-JnyQtN83bdnNhsvAowKmUjX4RquRM+7llRxXRwgmY/w="},"en-BH":{"path":"sp-core-library_en-us_f2a88cb284a2c28ac3fb.js","integrity":"sha256-JnyQtN83bdnNhsvAowKmUjX4RquRM+7llRxXRwgmY/w="},"en-BN":{"path":"sp-core-library_en-us_f2a88cb284a2c28ac3fb.js","integrity":"sha256-JnyQtN83bdnNhsvAowKmUjX4RquRM+7llRxXRwgmY/w="},"en-ID":{"path":"sp-core-library_en-us_f2a88cb284a2c28ac3fb.js","integrity":"sha256-JnyQtN83bdnNhsvAowKmUjX4RquRM+7llRxXRwgmY/w="},"mi":{"path":"sp-core-library_en-us_f2a88cb284a2c28ac3fb.js","integrity":"sha256-JnyQtN83bdnNhsvAowKmUjX4RquRM+7llRxXRwgmY/w="}},"defaultPath":{"path":"sp-core-library_default_611b5b9f84052eb5f146.js","integrity":"sha256-JeFlearPNki1LF/fnCDrwMggJ8az7043USv8m8W0HAI="}},"tslib":{"type":"component","id":"01c4df03-e775-48cb-aa14-171ee5199a15","version":"2.3.1"},"@ms/odsp-core-bundle":{"type":"component","id":"2e09fb9b-13bb-48f2-859f-97d6fff71176","version":"1.4.85"}}}},"relativeManifestPath":"node_modules/@microsoft/sp-core-library/dist/7263c7d0-1d6a-45ec-8d85-d4d1d234171b.manifest.json","packageName":"@microsoft/sp-core-library"},{"manifestCreationTime":1726646478424,"manifestData":{"manifestVersion":2,"id":"78359e4b-07c2-43c6-8d0b-d060b4d577e8","alias":"SPDiagnostics","componentType":"Library","version":"1.19.0","loaderConfig":{"internalModuleBaseUrls":["https://localhost:4321/dist/"],"entryModuleId":"sp-diagnostics","scriptResources":{"sp-diagnostics":{"type":"path","path":{"path":"sp-diagnostics_none_aed64128d853ed8c6736.js","integrity":"sha256-fNfhq8pf/GpKn8swQovPPdYPyRc+NHjNC1LUIOALNO8="}},"@microsoft/sp-core-library":{"type":"component","id":"7263c7d0-1d6a-45ec-8d85-d4d1d234171b","version":"1.19.0"},"@microsoft/sp-lodash-subset":{"type":"component","id":"73e1dc6c-8441-42cc-ad47-4bd3659f8a3a","version":"1.19.0"},"tslib":{"type":"component","id":"01c4df03-e775-48cb-aa14-171ee5199a15","version":"2.3.1"}}}},"relativeManifestPath":"node_modules/@microsoft/sp-diagnostics/dist/78359e4b-07c2-43c6-8d0b-d060b4d577e8.manifest.json","packageName":"@microsoft/sp-diagnostics"},{"manifestCreationTime":1726646474897,"manifestData":{"manifestVersion":2,"id":"e40f8203-b39d-425a-a957-714852e33b79","alias":"SPDynamicData","componentType":"Library","version":"1.19.0","loaderConfig":{"internalModuleBaseUrls":["https://localhost:4321/dist/"],"entryModuleId":"sp-dynamic-data","scriptResources":{"sp-dynamic-data":{"type":"localizedPath","paths":{"default":{"path":"sp-dynamic-data_default_3cd62e51b3c859d0d198.js","integrity":"sha256-9v31iSX69KHU1RSmb95kqLvjtnQhc5+GVxAbI6jmvsQ="},"en-US":{"path":"sp-dynamic-data_en-us_5805381e6b07ce5d801e.js","integrity":"sha256-mPCC6KKgcS4rI4ovF8Ky83q0hACjrsZ+2iNNrR0IS9M="},"qps-ploca":{"path":"sp-dynamic-data_qps-ploca_6c0d178383138c3d2c70.js","integrity":"sha256-Nt9wUejxl0PiaiwRh7HsVBR/dZiQtAWM+mt4MloxAqw="},"qps-ploc":{"path":"sp-dynamic-data_qps-ploc_4178bfa62635c6107015.js","integrity":"sha256-TLN7emYfhEyvhujR2TUHV3PkArll953jLHJOF1/fhVM="},"en-GB":{"path":"sp-dynamic-data_en-us_5805381e6b07ce5d801e.js","integrity":"sha256-mPCC6KKgcS4rI4ovF8Ky83q0hACjrsZ+2iNNrR0IS9M="},"en-NZ":{"path":"sp-dynamic-data_en-us_5805381e6b07ce5d801e.js","integrity":"sha256-mPCC6KKgcS4rI4ovF8Ky83q0hACjrsZ+2iNNrR0IS9M="},"en-IE":{"path":"sp-dynamic-data_en-us_5805381e6b07ce5d801e.js","integrity":"sha256-mPCC6KKgcS4rI4ovF8Ky83q0hACjrsZ+2iNNrR0IS9M="},"en-AU":{"path":"sp-dynamic-data_en-us_5805381e6b07ce5d801e.js","integrity":"sha256-mPCC6KKgcS4rI4ovF8Ky83q0hACjrsZ+2iNNrR0IS9M="},"bn":{"path":"sp-dynamic-data_en-us_5805381e6b07ce5d801e.js","integrity":"sha256-mPCC6KKgcS4rI4ovF8Ky83q0hACjrsZ+2iNNrR0IS9M="},"chr":{"path":"sp-dynamic-data_en-us_5805381e6b07ce5d801e.js","integrity":"sha256-mPCC6KKgcS4rI4ovF8Ky83q0hACjrsZ+2iNNrR0IS9M="},"dv":{"path":"sp-dynamic-data_en-us_5805381e6b07ce5d801e.js","integrity":"sha256-mPCC6KKgcS4rI4ovF8Ky83q0hACjrsZ+2iNNrR0IS9M="},"div":{"path":"sp-dynamic-data_en-us_5805381e6b07ce5d801e.js","integrity":"sha256-mPCC6KKgcS4rI4ovF8Ky83q0hACjrsZ+2iNNrR0IS9M="},"en":{"path":"sp-dynamic-data_en-us_5805381e6b07ce5d801e.js","integrity":"sha256-mPCC6KKgcS4rI4ovF8Ky83q0hACjrsZ+2iNNrR0IS9M="},"fil":{"path":"sp-dynamic-data_en-us_5805381e6b07ce5d801e.js","integrity":"sha256-mPCC6KKgcS4rI4ovF8Ky83q0hACjrsZ+2iNNrR0IS9M="},"haw":{"path":"sp-dynamic-data_en-us_5805381e6b07ce5d801e.js","integrity":"sha256-mPCC6KKgcS4rI4ovF8Ky83q0hACjrsZ+2iNNrR0IS9M="},"iu":{"path":"sp-dynamic-data_en-us_5805381e6b07ce5d801e.js","integrity":"sha256-mPCC6KKgcS4rI4ovF8Ky83q0hACjrsZ+2iNNrR0IS9M="},"lo":{"path":"sp-dynamic-data_en-us_5805381e6b07ce5d801e.js","integrity":"sha256-mPCC6KKgcS4rI4ovF8Ky83q0hACjrsZ+2iNNrR0IS9M="},"moh":{"path":"sp-dynamic-data_en-us_5805381e6b07ce5d801e.js","integrity":"sha256-mPCC6KKgcS4rI4ovF8Ky83q0hACjrsZ+2iNNrR0IS9M="},"sq":{"path":"sp-dynamic-data_en-us_5805381e6b07ce5d801e.js","integrity":"sha256-mPCC6KKgcS4rI4ovF8Ky83q0hACjrsZ+2iNNrR0IS9M="},"am":{"path":"sp-dynamic-data_en-us_5805381e6b07ce5d801e.js","integrity":"sha256-mPCC6KKgcS4rI4ovF8Ky83q0hACjrsZ+2iNNrR0IS9M="},"hy":{"path":"sp-dynamic-data_en-us_5805381e6b07ce5d801e.js","integrity":"sha256-mPCC6KKgcS4rI4ovF8Ky83q0hACjrsZ+2iNNrR0IS9M="},"mk":{"path":"sp-dynamic-data_en-us_5805381e6b07ce5d801e.js","integrity":"sha256-mPCC6KKgcS4rI4ovF8Ky83q0hACjrsZ+2iNNrR0IS9M="},"bs":{"path":"sp-dynamic-data_en-us_5805381e6b07ce5d801e.js","integrity":"sha256-mPCC6KKgcS4rI4ovF8Ky83q0hACjrsZ+2iNNrR0IS9M="},"my":{"path":"sp-dynamic-data_en-us_5805381e6b07ce5d801e.js","integrity":"sha256-mPCC6KKgcS4rI4ovF8Ky83q0hACjrsZ+2iNNrR0IS9M="},"dz":{"path":"sp-dynamic-data_en-us_5805381e6b07ce5d801e.js","integrity":"sha256-mPCC6KKgcS4rI4ovF8Ky83q0hACjrsZ+2iNNrR0IS9M="},"en-CY":{"path":"sp-dynamic-data_en-us_5805381e6b07ce5d801e.js","integrity":"sha256-mPCC6KKgcS4rI4ovF8Ky83q0hACjrsZ+2iNNrR0IS9M="},"en-EG":{"path":"sp-dynamic-data_en-us_5805381e6b07ce5d801e.js","integrity":"sha256-mPCC6KKgcS4rI4ovF8Ky83q0hACjrsZ+2iNNrR0IS9M="},"en-IL":{"path":"sp-dynamic-data_en-us_5805381e6b07ce5d801e.js","integrity":"sha256-mPCC6KKgcS4rI4ovF8Ky83q0hACjrsZ+2iNNrR0IS9M="},"en-IS":{"path":"sp-dynamic-data_en-us_5805381e6b07ce5d801e.js","integrity":"sha256-mPCC6KKgcS4rI4ovF8Ky83q0hACjrsZ+2iNNrR0IS9M="},"en-JO":{"path":"sp-dynamic-data_en-us_5805381e6b07ce5d801e.js","integrity":"sha256-mPCC6KKgcS4rI4ovF8Ky83q0hACjrsZ+2iNNrR0IS9M="},"en-KE":{"path":"sp-dynamic-data_en-us_5805381e6b07ce5d801e.js","integrity":"sha256-mPCC6KKgcS4rI4ovF8Ky83q0hACjrsZ+2iNNrR0IS9M="},"en-KW":{"path":"sp-dynamic-data_en-us_5805381e6b07ce5d801e.js","integrity":"sha256-mPCC6KKgcS4rI4ovF8Ky83q0hACjrsZ+2iNNrR0IS9M="},"en-MK":{"path":"sp-dynamic-data_en-us_5805381e6b07ce5d801e.js","integrity":"sha256-mPCC6KKgcS4rI4ovF8Ky83q0hACjrsZ+2iNNrR0IS9M="},"en-MT":{"path":"sp-dynamic-data_en-us_5805381e6b07ce5d801e.js","integrity":"sha256-mPCC6KKgcS4rI4ovF8Ky83q0hACjrsZ+2iNNrR0IS9M="},"en-PK":{"path":"sp-dynamic-data_en-us_5805381e6b07ce5d801e.js","integrity":"sha256-mPCC6KKgcS4rI4ovF8Ky83q0hACjrsZ+2iNNrR0IS9M="},"en-QA":{"path":"sp-dynamic-data_en-us_5805381e6b07ce5d801e.js","integrity":"sha256-mPCC6KKgcS4rI4ovF8Ky83q0hACjrsZ+2iNNrR0IS9M="},"en-SA":{"path":"sp-dynamic-data_en-us_5805381e6b07ce5d801e.js","integrity":"sha256-mPCC6KKgcS4rI4ovF8Ky83q0hACjrsZ+2iNNrR0IS9M="},"en-LK":{"path":"sp-dynamic-data_en-us_5805381e6b07ce5d801e.js","integrity":"sha256-mPCC6KKgcS4rI4ovF8Ky83q0hACjrsZ+2iNNrR0IS9M="},"en-AE":{"path":"sp-dynamic-data_en-us_5805381e6b07ce5d801e.js","integrity":"sha256-mPCC6KKgcS4rI4ovF8Ky83q0hACjrsZ+2iNNrR0IS9M="},"en-VN":{"path":"sp-dynamic-data_en-us_5805381e6b07ce5d801e.js","integrity":"sha256-mPCC6KKgcS4rI4ovF8Ky83q0hACjrsZ+2iNNrR0IS9M="},"is":{"path":"sp-dynamic-data_en-us_5805381e6b07ce5d801e.js","integrity":"sha256-mPCC6KKgcS4rI4ovF8Ky83q0hACjrsZ+2iNNrR0IS9M="},"km":{"path":"sp-dynamic-data_en-us_5805381e6b07ce5d801e.js","integrity":"sha256-mPCC6KKgcS4rI4ovF8Ky83q0hACjrsZ+2iNNrR0IS9M="},"kh":{"path":"sp-dynamic-data_en-us_5805381e6b07ce5d801e.js","integrity":"sha256-mPCC6KKgcS4rI4ovF8Ky83q0hACjrsZ+2iNNrR0IS9M="},"mt":{"path":"sp-dynamic-data_en-us_5805381e6b07ce5d801e.js","integrity":"sha256-mPCC6KKgcS4rI4ovF8Ky83q0hACjrsZ+2iNNrR0IS9M="},"fa":{"path":"sp-dynamic-data_en-us_5805381e6b07ce5d801e.js","integrity":"sha256-mPCC6KKgcS4rI4ovF8Ky83q0hACjrsZ+2iNNrR0IS9M="},"gd":{"path":"sp-dynamic-data_en-us_5805381e6b07ce5d801e.js","integrity":"sha256-mPCC6KKgcS4rI4ovF8Ky83q0hACjrsZ+2iNNrR0IS9M="},"sr-Cyrl-BA":{"path":"sp-dynamic-data_en-us_5805381e6b07ce5d801e.js","integrity":"sha256-mPCC6KKgcS4rI4ovF8Ky83q0hACjrsZ+2iNNrR0IS9M="},"sr-Latn-BA":{"path":"sp-dynamic-data_en-us_5805381e6b07ce5d801e.js","integrity":"sha256-mPCC6KKgcS4rI4ovF8Ky83q0hACjrsZ+2iNNrR0IS9M="},"sd":{"path":"sp-dynamic-data_en-us_5805381e6b07ce5d801e.js","integrity":"sha256-mPCC6KKgcS4rI4ovF8Ky83q0hACjrsZ+2iNNrR0IS9M="},"si":{"path":"sp-dynamic-data_en-us_5805381e6b07ce5d801e.js","integrity":"sha256-mPCC6KKgcS4rI4ovF8Ky83q0hACjrsZ+2iNNrR0IS9M="},"so":{"path":"sp-dynamic-data_en-us_5805381e6b07ce5d801e.js","integrity":"sha256-mPCC6KKgcS4rI4ovF8Ky83q0hACjrsZ+2iNNrR0IS9M="},"ti-ET":{"path":"sp-dynamic-data_en-us_5805381e6b07ce5d801e.js","integrity":"sha256-mPCC6KKgcS4rI4ovF8Ky83q0hACjrsZ+2iNNrR0IS9M="},"uz":{"path":"sp-dynamic-data_en-us_5805381e6b07ce5d801e.js","integrity":"sha256-mPCC6KKgcS4rI4ovF8Ky83q0hACjrsZ+2iNNrR0IS9M="},"en-SG":{"path":"sp-dynamic-data_en-us_5805381e6b07ce5d801e.js","integrity":"sha256-mPCC6KKgcS4rI4ovF8Ky83q0hACjrsZ+2iNNrR0IS9M="},"en-HK":{"path":"sp-dynamic-data_en-us_5805381e6b07ce5d801e.js","integrity":"sha256-mPCC6KKgcS4rI4ovF8Ky83q0hACjrsZ+2iNNrR0IS9M="},"en-MY":{"path":"sp-dynamic-data_en-us_5805381e6b07ce5d801e.js","integrity":"sha256-mPCC6KKgcS4rI4ovF8Ky83q0hACjrsZ+2iNNrR0IS9M="},"en-PH":{"path":"sp-dynamic-data_en-us_5805381e6b07ce5d801e.js","integrity":"sha256-mPCC6KKgcS4rI4ovF8Ky83q0hACjrsZ+2iNNrR0IS9M="},"en-TT":{"path":"sp-dynamic-data_en-us_5805381e6b07ce5d801e.js","integrity":"sha256-mPCC6KKgcS4rI4ovF8Ky83q0hACjrsZ+2iNNrR0IS9M="},"en-AZ":{"path":"sp-dynamic-data_en-us_5805381e6b07ce5d801e.js","integrity":"sha256-mPCC6KKgcS4rI4ovF8Ky83q0hACjrsZ+2iNNrR0IS9M="},"en-BH":{"path":"sp-dynamic-data_en-us_5805381e6b07ce5d801e.js","integrity":"sha256-mPCC6KKgcS4rI4ovF8Ky83q0hACjrsZ+2iNNrR0IS9M="},"en-BN":{"path":"sp-dynamic-data_en-us_5805381e6b07ce5d801e.js","integrity":"sha256-mPCC6KKgcS4rI4ovF8Ky83q0hACjrsZ+2iNNrR0IS9M="},"en-ID":{"path":"sp-dynamic-data_en-us_5805381e6b07ce5d801e.js","integrity":"sha256-mPCC6KKgcS4rI4ovF8Ky83q0hACjrsZ+2iNNrR0IS9M="},"mi":{"path":"sp-dynamic-data_en-us_5805381e6b07ce5d801e.js","integrity":"sha256-mPCC6KKgcS4rI4ovF8Ky83q0hACjrsZ+2iNNrR0IS9M="}},"defaultPath":{"path":"sp-dynamic-data_default_3cd62e51b3c859d0d198.js","integrity":"sha256-9v31iSX69KHU1RSmb95kqLvjtnQhc5+GVxAbI6jmvsQ="}},"@microsoft/sp-lodash-subset":{"type":"component","id":"73e1dc6c-8441-42cc-ad47-4bd3659f8a3a","version":"1.19.0"},"@microsoft/sp-core-library":{"type":"component","id":"7263c7d0-1d6a-45ec-8d85-d4d1d234171b","version":"1.19.0"},"@microsoft/sp-diagnostics":{"type":"component","id":"78359e4b-07c2-43c6-8d0b-d060b4d577e8","version":"1.19.0"}}}},"relativeManifestPath":"node_modules/@microsoft/sp-dynamic-data/dist/e40f8203-b39d-425a-a957-714852e33b79.manifest.json","packageName":"@microsoft/sp-dynamic-data"},{"manifestCreationTime":1726646476035,"manifestData":{"id":"1c4541f7-5c31-41aa-9fa8-fbc9dc14c0a8","alias":"SPPageContext","componentType":"Library","version":"1.19.0","manifestVersion":2,"loaderConfig":{"internalModuleBaseUrls":["https://localhost:4321/dist/"],"entryModuleId":"sp-page-context","scriptResources":{"sp-page-context":{"type":"localizedPath","paths":{"default":{"path":"sp-page-context_default_41ad0b33f850983ffe84.js","integrity":"sha256-vvu1xGr5B/pGadqTecf6VxlrHVV9c+pxcywXStZARe0="},"en-US":{"path":"sp-page-context_en-us_744130666845d70c1158.js","integrity":"sha256-LfI3iOzYqOudctJQtycddii2pyuKcw9F3qn9LssUaWw="},"qps-ploca":{"path":"sp-page-context_qps-ploca_c9239acd99fa88b8af35.js","integrity":"sha256-qVoZBn4ycYNMxWER7vLf/2DasmcbRxdJUIN3RIr9bIk="},"qps-ploc":{"path":"sp-page-context_qps-ploc_0fa3bcc04958f1edeab8.js","integrity":"sha256-zSEvU2HhhY+tvobirfBPAGUchCimhjbWPx6mBKQufhg="},"en-GB":{"path":"sp-page-context_en-us_744130666845d70c1158.js","integrity":"sha256-LfI3iOzYqOudctJQtycddii2pyuKcw9F3qn9LssUaWw="},"en-NZ":{"path":"sp-page-context_en-us_744130666845d70c1158.js","integrity":"sha256-LfI3iOzYqOudctJQtycddii2pyuKcw9F3qn9LssUaWw="},"en-IE":{"path":"sp-page-context_en-us_744130666845d70c1158.js","integrity":"sha256-LfI3iOzYqOudctJQtycddii2pyuKcw9F3qn9LssUaWw="},"en-AU":{"path":"sp-page-context_en-us_744130666845d70c1158.js","integrity":"sha256-LfI3iOzYqOudctJQtycddii2pyuKcw9F3qn9LssUaWw="},"bn":{"path":"sp-page-context_en-us_744130666845d70c1158.js","integrity":"sha256-LfI3iOzYqOudctJQtycddii2pyuKcw9F3qn9LssUaWw="},"chr":{"path":"sp-page-context_en-us_744130666845d70c1158.js","integrity":"sha256-LfI3iOzYqOudctJQtycddii2pyuKcw9F3qn9LssUaWw="},"dv":{"path":"sp-page-context_en-us_744130666845d70c1158.js","integrity":"sha256-LfI3iOzYqOudctJQtycddii2pyuKcw9F3qn9LssUaWw="},"div":{"path":"sp-page-context_en-us_744130666845d70c1158.js","integrity":"sha256-LfI3iOzYqOudctJQtycddii2pyuKcw9F3qn9LssUaWw="},"en":{"path":"sp-page-context_en-us_744130666845d70c1158.js","integrity":"sha256-LfI3iOzYqOudctJQtycddii2pyuKcw9F3qn9LssUaWw="},"fil":{"path":"sp-page-context_en-us_744130666845d70c1158.js","integrity":"sha256-LfI3iOzYqOudctJQtycddii2pyuKcw9F3qn9LssUaWw="},"haw":{"path":"sp-page-context_en-us_744130666845d70c1158.js","integrity":"sha256-LfI3iOzYqOudctJQtycddii2pyuKcw9F3qn9LssUaWw="},"iu":{"path":"sp-page-context_en-us_744130666845d70c1158.js","integrity":"sha256-LfI3iOzYqOudctJQtycddii2pyuKcw9F3qn9LssUaWw="},"lo":{"path":"sp-page-context_en-us_744130666845d70c1158.js","integrity":"sha256-LfI3iOzYqOudctJQtycddii2pyuKcw9F3qn9LssUaWw="},"moh":{"path":"sp-page-context_en-us_744130666845d70c1158.js","integrity":"sha256-LfI3iOzYqOudctJQtycddii2pyuKcw9F3qn9LssUaWw="},"sq":{"path":"sp-page-context_en-us_744130666845d70c1158.js","integrity":"sha256-LfI3iOzYqOudctJQtycddii2pyuKcw9F3qn9LssUaWw="},"am":{"path":"sp-page-context_en-us_744130666845d70c1158.js","integrity":"sha256-LfI3iOzYqOudctJQtycddii2pyuKcw9F3qn9LssUaWw="},"hy":{"path":"sp-page-context_en-us_744130666845d70c1158.js","integrity":"sha256-LfI3iOzYqOudctJQtycddii2pyuKcw9F3qn9LssUaWw="},"mk":{"path":"sp-page-context_en-us_744130666845d70c1158.js","integrity":"sha256-LfI3iOzYqOudctJQtycddii2pyuKcw9F3qn9LssUaWw="},"bs":{"path":"sp-page-context_en-us_744130666845d70c1158.js","integrity":"sha256-LfI3iOzYqOudctJQtycddii2pyuKcw9F3qn9LssUaWw="},"my":{"path":"sp-page-context_en-us_744130666845d70c1158.js","integrity":"sha256-LfI3iOzYqOudctJQtycddii2pyuKcw9F3qn9LssUaWw="},"dz":{"path":"sp-page-context_en-us_744130666845d70c1158.js","integrity":"sha256-LfI3iOzYqOudctJQtycddii2pyuKcw9F3qn9LssUaWw="},"en-CY":{"path":"sp-page-context_en-us_744130666845d70c1158.js","integrity":"sha256-LfI3iOzYqOudctJQtycddii2pyuKcw9F3qn9LssUaWw="},"en-EG":{"path":"sp-page-context_en-us_744130666845d70c1158.js","integrity":"sha256-LfI3iOzYqOudctJQtycddii2pyuKcw9F3qn9LssUaWw="},"en-IL":{"path":"sp-page-context_en-us_744130666845d70c1158.js","integrity":"sha256-LfI3iOzYqOudctJQtycddii2pyuKcw9F3qn9LssUaWw="},"en-IS":{"path":"sp-page-context_en-us_744130666845d70c1158.js","integrity":"sha256-LfI3iOzYqOudctJQtycddii2pyuKcw9F3qn9LssUaWw="},"en-JO":{"path":"sp-page-context_en-us_744130666845d70c1158.js","integrity":"sha256-LfI3iOzYqOudctJQtycddii2pyuKcw9F3qn9LssUaWw="},"en-KE":{"path":"sp-page-context_en-us_744130666845d70c1158.js","integrity":"sha256-LfI3iOzYqOudctJQtycddii2pyuKcw9F3qn9LssUaWw="},"en-KW":{"path":"sp-page-context_en-us_744130666845d70c1158.js","integrity":"sha256-LfI3iOzYqOudctJQtycddii2pyuKcw9F3qn9LssUaWw="},"en-MK":{"path":"sp-page-context_en-us_744130666845d70c1158.js","integrity":"sha256-LfI3iOzYqOudctJQtycddii2pyuKcw9F3qn9LssUaWw="},"en-MT":{"path":"sp-page-context_en-us_744130666845d70c1158.js","integrity":"sha256-LfI3iOzYqOudctJQtycddii2pyuKcw9F3qn9LssUaWw="},"en-PK":{"path":"sp-page-context_en-us_744130666845d70c1158.js","integrity":"sha256-LfI3iOzYqOudctJQtycddii2pyuKcw9F3qn9LssUaWw="},"en-QA":{"path":"sp-page-context_en-us_744130666845d70c1158.js","integrity":"sha256-LfI3iOzYqOudctJQtycddii2pyuKcw9F3qn9LssUaWw="},"en-SA":{"path":"sp-page-context_en-us_744130666845d70c1158.js","integrity":"sha256-LfI3iOzYqOudctJQtycddii2pyuKcw9F3qn9LssUaWw="},"en-LK":{"path":"sp-page-context_en-us_744130666845d70c1158.js","integrity":"sha256-LfI3iOzYqOudctJQtycddii2pyuKcw9F3qn9LssUaWw="},"en-AE":{"path":"sp-page-context_en-us_744130666845d70c1158.js","integrity":"sha256-LfI3iOzYqOudctJQtycddii2pyuKcw9F3qn9LssUaWw="},"en-VN":{"path":"sp-page-context_en-us_744130666845d70c1158.js","integrity":"sha256-LfI3iOzYqOudctJQtycddii2pyuKcw9F3qn9LssUaWw="},"is":{"path":"sp-page-context_en-us_744130666845d70c1158.js","integrity":"sha256-LfI3iOzYqOudctJQtycddii2pyuKcw9F3qn9LssUaWw="},"km":{"path":"sp-page-context_en-us_744130666845d70c1158.js","integrity":"sha256-LfI3iOzYqOudctJQtycddii2pyuKcw9F3qn9LssUaWw="},"kh":{"path":"sp-page-context_en-us_744130666845d70c1158.js","integrity":"sha256-LfI3iOzYqOudctJQtycddii2pyuKcw9F3qn9LssUaWw="},"mt":{"path":"sp-page-context_en-us_744130666845d70c1158.js","integrity":"sha256-LfI3iOzYqOudctJQtycddii2pyuKcw9F3qn9LssUaWw="},"fa":{"path":"sp-page-context_en-us_744130666845d70c1158.js","integrity":"sha256-LfI3iOzYqOudctJQtycddii2pyuKcw9F3qn9LssUaWw="},"gd":{"path":"sp-page-context_en-us_744130666845d70c1158.js","integrity":"sha256-LfI3iOzYqOudctJQtycddii2pyuKcw9F3qn9LssUaWw="},"sr-Cyrl-BA":{"path":"sp-page-context_en-us_744130666845d70c1158.js","integrity":"sha256-LfI3iOzYqOudctJQtycddii2pyuKcw9F3qn9LssUaWw="},"sr-Latn-BA":{"path":"sp-page-context_en-us_744130666845d70c1158.js","integrity":"sha256-LfI3iOzYqOudctJQtycddii2pyuKcw9F3qn9LssUaWw="},"sd":{"path":"sp-page-context_en-us_744130666845d70c1158.js","integrity":"sha256-LfI3iOzYqOudctJQtycddii2pyuKcw9F3qn9LssUaWw="},"si":{"path":"sp-page-context_en-us_744130666845d70c1158.js","integrity":"sha256-LfI3iOzYqOudctJQtycddii2pyuKcw9F3qn9LssUaWw="},"so":{"path":"sp-page-context_en-us_744130666845d70c1158.js","integrity":"sha256-LfI3iOzYqOudctJQtycddii2pyuKcw9F3qn9LssUaWw="},"ti-ET":{"path":"sp-page-context_en-us_744130666845d70c1158.js","integrity":"sha256-LfI3iOzYqOudctJQtycddii2pyuKcw9F3qn9LssUaWw="},"uz":{"path":"sp-page-context_en-us_744130666845d70c1158.js","integrity":"sha256-LfI3iOzYqOudctJQtycddii2pyuKcw9F3qn9LssUaWw="},"en-SG":{"path":"sp-page-context_en-us_744130666845d70c1158.js","integrity":"sha256-LfI3iOzYqOudctJQtycddii2pyuKcw9F3qn9LssUaWw="},"en-HK":{"path":"sp-page-context_en-us_744130666845d70c1158.js","integrity":"sha256-LfI3iOzYqOudctJQtycddii2pyuKcw9F3qn9LssUaWw="},"en-MY":{"path":"sp-page-context_en-us_744130666845d70c1158.js","integrity":"sha256-LfI3iOzYqOudctJQtycddii2pyuKcw9F3qn9LssUaWw="},"en-PH":{"path":"sp-page-context_en-us_744130666845d70c1158.js","integrity":"sha256-LfI3iOzYqOudctJQtycddii2pyuKcw9F3qn9LssUaWw="},"en-TT":{"path":"sp-page-context_en-us_744130666845d70c1158.js","integrity":"sha256-LfI3iOzYqOudctJQtycddii2pyuKcw9F3qn9LssUaWw="},"en-AZ":{"path":"sp-page-context_en-us_744130666845d70c1158.js","integrity":"sha256-LfI3iOzYqOudctJQtycddii2pyuKcw9F3qn9LssUaWw="},"en-BH":{"path":"sp-page-context_en-us_744130666845d70c1158.js","integrity":"sha256-LfI3iOzYqOudctJQtycddii2pyuKcw9F3qn9LssUaWw="},"en-BN":{"path":"sp-page-context_en-us_744130666845d70c1158.js","integrity":"sha256-LfI3iOzYqOudctJQtycddii2pyuKcw9F3qn9LssUaWw="},"en-ID":{"path":"sp-page-context_en-us_744130666845d70c1158.js","integrity":"sha256-LfI3iOzYqOudctJQtycddii2pyuKcw9F3qn9LssUaWw="},"mi":{"path":"sp-page-context_en-us_744130666845d70c1158.js","integrity":"sha256-LfI3iOzYqOudctJQtycddii2pyuKcw9F3qn9LssUaWw="}},"defaultPath":{"path":"sp-page-context_default_41ad0b33f850983ffe84.js","integrity":"sha256-vvu1xGr5B/pGadqTecf6VxlrHVV9c+pxcywXStZARe0="}},"@microsoft/sp-core-library":{"type":"component","id":"7263c7d0-1d6a-45ec-8d85-d4d1d234171b","version":"1.19.0"},"tslib":{"type":"component","id":"01c4df03-e775-48cb-aa14-171ee5199a15","version":"2.3.1"},"@microsoft/sp-diagnostics":{"type":"component","id":"78359e4b-07c2-43c6-8d0b-d060b4d577e8","version":"1.19.0"},"@microsoft/sp-dynamic-data":{"type":"component","id":"e40f8203-b39d-425a-a957-714852e33b79","version":"1.19.0"}}}},"relativeManifestPath":"node_modules/@microsoft/sp-page-context/dist/1c4541f7-5c31-41aa-9fa8-fbc9dc14c0a8.manifest.json","packageName":"@microsoft/sp-page-context"},{"manifestCreationTime":1726646484338,"manifestData":{"manifestVersion":2,"id":"8496636c-2300-4915-abef-20de64c98d8b","alias":"@microsoft/sp-http-base","componentType":"Library","version":"1.19.0","loaderConfig":{"internalModuleBaseUrls":["https://localhost:4321/dist/"],"entryModuleId":"sp-http-base","scriptResources":{"sp-http-base":{"type":"localizedPath","paths":{"default":{"path":"sp-http-base_default_8cbd47effbea973b1d31.js","integrity":"sha256-95Diwzu2twpkH/EV52biRo4svkQ4xB97wvVSS1gm30o="},"en-US":{"path":"sp-http-base_en-us_10b84073cbb1326401b5.js","integrity":"sha256-k8+J+EwQ7xnnHO3QNp4C0/SySmwRrZq15upZ2lDKTF0="},"qps-ploca":{"path":"sp-http-base_qps-ploca_18bf42f6dea14cac0cfb.js","integrity":"sha256-Qz9Jw18WiLy/CEqIVajPDqv34PdiZpMUCAXGVMeCkn0="},"qps-ploc":{"path":"sp-http-base_qps-ploc_1d6e4aa70052a30f8e52.js","integrity":"sha256-w+zeWFGEAbBMsj2yVWUT+Odr61PKgFDX0WsAB1Iz33c="},"en-GB":{"path":"sp-http-base_en-us_10b84073cbb1326401b5.js","integrity":"sha256-k8+J+EwQ7xnnHO3QNp4C0/SySmwRrZq15upZ2lDKTF0="},"en-NZ":{"path":"sp-http-base_en-us_10b84073cbb1326401b5.js","integrity":"sha256-k8+J+EwQ7xnnHO3QNp4C0/SySmwRrZq15upZ2lDKTF0="},"en-IE":{"path":"sp-http-base_en-us_10b84073cbb1326401b5.js","integrity":"sha256-k8+J+EwQ7xnnHO3QNp4C0/SySmwRrZq15upZ2lDKTF0="},"en-AU":{"path":"sp-http-base_en-us_10b84073cbb1326401b5.js","integrity":"sha256-k8+J+EwQ7xnnHO3QNp4C0/SySmwRrZq15upZ2lDKTF0="},"bn":{"path":"sp-http-base_en-us_10b84073cbb1326401b5.js","integrity":"sha256-k8+J+EwQ7xnnHO3QNp4C0/SySmwRrZq15upZ2lDKTF0="},"chr":{"path":"sp-http-base_en-us_10b84073cbb1326401b5.js","integrity":"sha256-k8+J+EwQ7xnnHO3QNp4C0/SySmwRrZq15upZ2lDKTF0="},"dv":{"path":"sp-http-base_en-us_10b84073cbb1326401b5.js","integrity":"sha256-k8+J+EwQ7xnnHO3QNp4C0/SySmwRrZq15upZ2lDKTF0="},"div":{"path":"sp-http-base_en-us_10b84073cbb1326401b5.js","integrity":"sha256-k8+J+EwQ7xnnHO3QNp4C0/SySmwRrZq15upZ2lDKTF0="},"en":{"path":"sp-http-base_en-us_10b84073cbb1326401b5.js","integrity":"sha256-k8+J+EwQ7xnnHO3QNp4C0/SySmwRrZq15upZ2lDKTF0="},"fil":{"path":"sp-http-base_en-us_10b84073cbb1326401b5.js","integrity":"sha256-k8+J+EwQ7xnnHO3QNp4C0/SySmwRrZq15upZ2lDKTF0="},"haw":{"path":"sp-http-base_en-us_10b84073cbb1326401b5.js","integrity":"sha256-k8+J+EwQ7xnnHO3QNp4C0/SySmwRrZq15upZ2lDKTF0="},"iu":{"path":"sp-http-base_en-us_10b84073cbb1326401b5.js","integrity":"sha256-k8+J+EwQ7xnnHO3QNp4C0/SySmwRrZq15upZ2lDKTF0="},"lo":{"path":"sp-http-base_en-us_10b84073cbb1326401b5.js","integrity":"sha256-k8+J+EwQ7xnnHO3QNp4C0/SySmwRrZq15upZ2lDKTF0="},"moh":{"path":"sp-http-base_en-us_10b84073cbb1326401b5.js","integrity":"sha256-k8+J+EwQ7xnnHO3QNp4C0/SySmwRrZq15upZ2lDKTF0="},"sq":{"path":"sp-http-base_en-us_10b84073cbb1326401b5.js","integrity":"sha256-k8+J+EwQ7xnnHO3QNp4C0/SySmwRrZq15upZ2lDKTF0="},"am":{"path":"sp-http-base_en-us_10b84073cbb1326401b5.js","integrity":"sha256-k8+J+EwQ7xnnHO3QNp4C0/SySmwRrZq15upZ2lDKTF0="},"hy":{"path":"sp-http-base_en-us_10b84073cbb1326401b5.js","integrity":"sha256-k8+J+EwQ7xnnHO3QNp4C0/SySmwRrZq15upZ2lDKTF0="},"mk":{"path":"sp-http-base_en-us_10b84073cbb1326401b5.js","integrity":"sha256-k8+J+EwQ7xnnHO3QNp4C0/SySmwRrZq15upZ2lDKTF0="},"bs":{"path":"sp-http-base_en-us_10b84073cbb1326401b5.js","integrity":"sha256-k8+J+EwQ7xnnHO3QNp4C0/SySmwRrZq15upZ2lDKTF0="},"my":{"path":"sp-http-base_en-us_10b84073cbb1326401b5.js","integrity":"sha256-k8+J+EwQ7xnnHO3QNp4C0/SySmwRrZq15upZ2lDKTF0="},"dz":{"path":"sp-http-base_en-us_10b84073cbb1326401b5.js","integrity":"sha256-k8+J+EwQ7xnnHO3QNp4C0/SySmwRrZq15upZ2lDKTF0="},"en-CY":{"path":"sp-http-base_en-us_10b84073cbb1326401b5.js","integrity":"sha256-k8+J+EwQ7xnnHO3QNp4C0/SySmwRrZq15upZ2lDKTF0="},"en-EG":{"path":"sp-http-base_en-us_10b84073cbb1326401b5.js","integrity":"sha256-k8+J+EwQ7xnnHO3QNp4C0/SySmwRrZq15upZ2lDKTF0="},"en-IL":{"path":"sp-http-base_en-us_10b84073cbb1326401b5.js","integrity":"sha256-k8+J+EwQ7xnnHO3QNp4C0/SySmwRrZq15upZ2lDKTF0="},"en-IS":{"path":"sp-http-base_en-us_10b84073cbb1326401b5.js","integrity":"sha256-k8+J+EwQ7xnnHO3QNp4C0/SySmwRrZq15upZ2lDKTF0="},"en-JO":{"path":"sp-http-base_en-us_10b84073cbb1326401b5.js","integrity":"sha256-k8+J+EwQ7xnnHO3QNp4C0/SySmwRrZq15upZ2lDKTF0="},"en-KE":{"path":"sp-http-base_en-us_10b84073cbb1326401b5.js","integrity":"sha256-k8+J+EwQ7xnnHO3QNp4C0/SySmwRrZq15upZ2lDKTF0="},"en-KW":{"path":"sp-http-base_en-us_10b84073cbb1326401b5.js","integrity":"sha256-k8+J+EwQ7xnnHO3QNp4C0/SySmwRrZq15upZ2lDKTF0="},"en-MK":{"path":"sp-http-base_en-us_10b84073cbb1326401b5.js","integrity":"sha256-k8+J+EwQ7xnnHO3QNp4C0/SySmwRrZq15upZ2lDKTF0="},"en-MT":{"path":"sp-http-base_en-us_10b84073cbb1326401b5.js","integrity":"sha256-k8+J+EwQ7xnnHO3QNp4C0/SySmwRrZq15upZ2lDKTF0="},"en-PK":{"path":"sp-http-base_en-us_10b84073cbb1326401b5.js","integrity":"sha256-k8+J+EwQ7xnnHO3QNp4C0/SySmwRrZq15upZ2lDKTF0="},"en-QA":{"path":"sp-http-base_en-us_10b84073cbb1326401b5.js","integrity":"sha256-k8+J+EwQ7xnnHO3QNp4C0/SySmwRrZq15upZ2lDKTF0="},"en-SA":{"path":"sp-http-base_en-us_10b84073cbb1326401b5.js","integrity":"sha256-k8+J+EwQ7xnnHO3QNp4C0/SySmwRrZq15upZ2lDKTF0="},"en-LK":{"path":"sp-http-base_en-us_10b84073cbb1326401b5.js","integrity":"sha256-k8+J+EwQ7xnnHO3QNp4C0/SySmwRrZq15upZ2lDKTF0="},"en-AE":{"path":"sp-http-base_en-us_10b84073cbb1326401b5.js","integrity":"sha256-k8+J+EwQ7xnnHO3QNp4C0/SySmwRrZq15upZ2lDKTF0="},"en-VN":{"path":"sp-http-base_en-us_10b84073cbb1326401b5.js","integrity":"sha256-k8+J+EwQ7xnnHO3QNp4C0/SySmwRrZq15upZ2lDKTF0="},"is":{"path":"sp-http-base_en-us_10b84073cbb1326401b5.js","integrity":"sha256-k8+J+EwQ7xnnHO3QNp4C0/SySmwRrZq15upZ2lDKTF0="},"km":{"path":"sp-http-base_en-us_10b84073cbb1326401b5.js","integrity":"sha256-k8+J+EwQ7xnnHO3QNp4C0/SySmwRrZq15upZ2lDKTF0="},"kh":{"path":"sp-http-base_en-us_10b84073cbb1326401b5.js","integrity":"sha256-k8+J+EwQ7xnnHO3QNp4C0/SySmwRrZq15upZ2lDKTF0="},"mt":{"path":"sp-http-base_en-us_10b84073cbb1326401b5.js","integrity":"sha256-k8+J+EwQ7xnnHO3QNp4C0/SySmwRrZq15upZ2lDKTF0="},"fa":{"path":"sp-http-base_en-us_10b84073cbb1326401b5.js","integrity":"sha256-k8+J+EwQ7xnnHO3QNp4C0/SySmwRrZq15upZ2lDKTF0="},"gd":{"path":"sp-http-base_en-us_10b84073cbb1326401b5.js","integrity":"sha256-k8+J+EwQ7xnnHO3QNp4C0/SySmwRrZq15upZ2lDKTF0="},"sr-Cyrl-BA":{"path":"sp-http-base_en-us_10b84073cbb1326401b5.js","integrity":"sha256-k8+J+EwQ7xnnHO3QNp4C0/SySmwRrZq15upZ2lDKTF0="},"sr-Latn-BA":{"path":"sp-http-base_en-us_10b84073cbb1326401b5.js","integrity":"sha256-k8+J+EwQ7xnnHO3QNp4C0/SySmwRrZq15upZ2lDKTF0="},"sd":{"path":"sp-http-base_en-us_10b84073cbb1326401b5.js","integrity":"sha256-k8+J+EwQ7xnnHO3QNp4C0/SySmwRrZq15upZ2lDKTF0="},"si":{"path":"sp-http-base_en-us_10b84073cbb1326401b5.js","integrity":"sha256-k8+J+EwQ7xnnHO3QNp4C0/SySmwRrZq15upZ2lDKTF0="},"so":{"path":"sp-http-base_en-us_10b84073cbb1326401b5.js","integrity":"sha256-k8+J+EwQ7xnnHO3QNp4C0/SySmwRrZq15upZ2lDKTF0="},"ti-ET":{"path":"sp-http-base_en-us_10b84073cbb1326401b5.js","integrity":"sha256-k8+J+EwQ7xnnHO3QNp4C0/SySmwRrZq15upZ2lDKTF0="},"uz":{"path":"sp-http-base_en-us_10b84073cbb1326401b5.js","integrity":"sha256-k8+J+EwQ7xnnHO3QNp4C0/SySmwRrZq15upZ2lDKTF0="},"en-SG":{"path":"sp-http-base_en-us_10b84073cbb1326401b5.js","integrity":"sha256-k8+J+EwQ7xnnHO3QNp4C0/SySmwRrZq15upZ2lDKTF0="},"en-HK":{"path":"sp-http-base_en-us_10b84073cbb1326401b5.js","integrity":"sha256-k8+J+EwQ7xnnHO3QNp4C0/SySmwRrZq15upZ2lDKTF0="},"en-MY":{"path":"sp-http-base_en-us_10b84073cbb1326401b5.js","integrity":"sha256-k8+J+EwQ7xnnHO3QNp4C0/SySmwRrZq15upZ2lDKTF0="},"en-PH":{"path":"sp-http-base_en-us_10b84073cbb1326401b5.js","integrity":"sha256-k8+J+EwQ7xnnHO3QNp4C0/SySmwRrZq15upZ2lDKTF0="},"en-TT":{"path":"sp-http-base_en-us_10b84073cbb1326401b5.js","integrity":"sha256-k8+J+EwQ7xnnHO3QNp4C0/SySmwRrZq15upZ2lDKTF0="},"en-AZ":{"path":"sp-http-base_en-us_10b84073cbb1326401b5.js","integrity":"sha256-k8+J+EwQ7xnnHO3QNp4C0/SySmwRrZq15upZ2lDKTF0="},"en-BH":{"path":"sp-http-base_en-us_10b84073cbb1326401b5.js","integrity":"sha256-k8+J+EwQ7xnnHO3QNp4C0/SySmwRrZq15upZ2lDKTF0="},"en-BN":{"path":"sp-http-base_en-us_10b84073cbb1326401b5.js","integrity":"sha256-k8+J+EwQ7xnnHO3QNp4C0/SySmwRrZq15upZ2lDKTF0="},"en-ID":{"path":"sp-http-base_en-us_10b84073cbb1326401b5.js","integrity":"sha256-k8+J+EwQ7xnnHO3QNp4C0/SySmwRrZq15upZ2lDKTF0="},"mi":{"path":"sp-http-base_en-us_10b84073cbb1326401b5.js","integrity":"sha256-k8+J+EwQ7xnnHO3QNp4C0/SySmwRrZq15upZ2lDKTF0="}},"defaultPath":{"path":"sp-http-base_default_8cbd47effbea973b1d31.js","integrity":"sha256-95Diwzu2twpkH/EV52biRo4svkQ4xB97wvVSS1gm30o="}},"@microsoft/sp-core-library":{"type":"component","id":"7263c7d0-1d6a-45ec-8d85-d4d1d234171b","version":"1.19.0"},"tslib":{"type":"component","id":"01c4df03-e775-48cb-aa14-171ee5199a15","version":"2.3.1"},"@microsoft/sp-diagnostics":{"type":"component","id":"78359e4b-07c2-43c6-8d0b-d060b4d577e8","version":"1.19.0"},"@microsoft/sp-page-context":{"type":"component","id":"1c4541f7-5c31-41aa-9fa8-fbc9dc14c0a8","version":"1.19.0"},"@ms/odsp-core-bundle":{"type":"component","id":"2e09fb9b-13bb-48f2-859f-97d6fff71176","version":"1.4.85"}}}},"relativeManifestPath":"node_modules/@microsoft/sp-http-base/dist/8496636c-2300-4915-abef-20de64c98d8b.manifest.json","packageName":"@microsoft/sp-http-base"},{"manifestCreationTime":1726646488705,"manifestData":{"id":"1c6c9123-7aac-41f3-a376-3caea41ed83f","alias":"SPLoader","componentType":"Library","version":"1.19.0","manifestVersion":2,"loaderConfig":{"internalModuleBaseUrls":["https://localhost:54321/dist/"],"entryModuleId":"sp-loader","scriptResources":{"sp-loader":{"type":"localizedPath","paths":{"default":{"path":"sp-loader_default_352aae18a42ee08ddcb9.js","integrity":"sha256-247phJ3RKJ9pOhWve67ohkfJjhFc4MkGk7JS/90LpNI="},"en-US":{"path":"sp-loader_en-us_c0f6b2dade097e5c15a1.js","integrity":"sha256-FHiTzWyW0uv5rrLdqKTofqAG0kYYi9UiaTexmKRXoO4="},"qps-ploca":{"path":"sp-loader_qps-ploca_f49a6df07aa01dbc21e9.js","integrity":"sha256-fg1WbDbbNuX+6I1YoexWFpdup6P5/5ZztD/1XE1ZCgM="},"qps-ploc":{"path":"sp-loader_qps-ploc_75fed4a469351f3454c5.js","integrity":"sha256-YA0It1p9kF+yAfBbHpnkCwNn7yQoJNg8ix4DFcsQ0q4="},"en-GB":{"path":"sp-loader_en-us_c0f6b2dade097e5c15a1.js","integrity":"sha256-FHiTzWyW0uv5rrLdqKTofqAG0kYYi9UiaTexmKRXoO4="},"en-NZ":{"path":"sp-loader_en-us_c0f6b2dade097e5c15a1.js","integrity":"sha256-FHiTzWyW0uv5rrLdqKTofqAG0kYYi9UiaTexmKRXoO4="},"en-IE":{"path":"sp-loader_en-us_c0f6b2dade097e5c15a1.js","integrity":"sha256-FHiTzWyW0uv5rrLdqKTofqAG0kYYi9UiaTexmKRXoO4="},"en-AU":{"path":"sp-loader_en-us_c0f6b2dade097e5c15a1.js","integrity":"sha256-FHiTzWyW0uv5rrLdqKTofqAG0kYYi9UiaTexmKRXoO4="},"bn":{"path":"sp-loader_en-us_c0f6b2dade097e5c15a1.js","integrity":"sha256-FHiTzWyW0uv5rrLdqKTofqAG0kYYi9UiaTexmKRXoO4="},"chr":{"path":"sp-loader_en-us_c0f6b2dade097e5c15a1.js","integrity":"sha256-FHiTzWyW0uv5rrLdqKTofqAG0kYYi9UiaTexmKRXoO4="},"dv":{"path":"sp-loader_en-us_c0f6b2dade097e5c15a1.js","integrity":"sha256-FHiTzWyW0uv5rrLdqKTofqAG0kYYi9UiaTexmKRXoO4="},"div":{"path":"sp-loader_en-us_c0f6b2dade097e5c15a1.js","integrity":"sha256-FHiTzWyW0uv5rrLdqKTofqAG0kYYi9UiaTexmKRXoO4="},"en":{"path":"sp-loader_en-us_c0f6b2dade097e5c15a1.js","integrity":"sha256-FHiTzWyW0uv5rrLdqKTofqAG0kYYi9UiaTexmKRXoO4="},"fil":{"path":"sp-loader_en-us_c0f6b2dade097e5c15a1.js","integrity":"sha256-FHiTzWyW0uv5rrLdqKTofqAG0kYYi9UiaTexmKRXoO4="},"haw":{"path":"sp-loader_en-us_c0f6b2dade097e5c15a1.js","integrity":"sha256-FHiTzWyW0uv5rrLdqKTofqAG0kYYi9UiaTexmKRXoO4="},"iu":{"path":"sp-loader_en-us_c0f6b2dade097e5c15a1.js","integrity":"sha256-FHiTzWyW0uv5rrLdqKTofqAG0kYYi9UiaTexmKRXoO4="},"lo":{"path":"sp-loader_en-us_c0f6b2dade097e5c15a1.js","integrity":"sha256-FHiTzWyW0uv5rrLdqKTofqAG0kYYi9UiaTexmKRXoO4="},"moh":{"path":"sp-loader_en-us_c0f6b2dade097e5c15a1.js","integrity":"sha256-FHiTzWyW0uv5rrLdqKTofqAG0kYYi9UiaTexmKRXoO4="},"sq":{"path":"sp-loader_en-us_c0f6b2dade097e5c15a1.js","integrity":"sha256-FHiTzWyW0uv5rrLdqKTofqAG0kYYi9UiaTexmKRXoO4="},"am":{"path":"sp-loader_en-us_c0f6b2dade097e5c15a1.js","integrity":"sha256-FHiTzWyW0uv5rrLdqKTofqAG0kYYi9UiaTexmKRXoO4="},"hy":{"path":"sp-loader_en-us_c0f6b2dade097e5c15a1.js","integrity":"sha256-FHiTzWyW0uv5rrLdqKTofqAG0kYYi9UiaTexmKRXoO4="},"mk":{"path":"sp-loader_en-us_c0f6b2dade097e5c15a1.js","integrity":"sha256-FHiTzWyW0uv5rrLdqKTofqAG0kYYi9UiaTexmKRXoO4="},"bs":{"path":"sp-loader_en-us_c0f6b2dade097e5c15a1.js","integrity":"sha256-FHiTzWyW0uv5rrLdqKTofqAG0kYYi9UiaTexmKRXoO4="},"my":{"path":"sp-loader_en-us_c0f6b2dade097e5c15a1.js","integrity":"sha256-FHiTzWyW0uv5rrLdqKTofqAG0kYYi9UiaTexmKRXoO4="},"dz":{"path":"sp-loader_en-us_c0f6b2dade097e5c15a1.js","integrity":"sha256-FHiTzWyW0uv5rrLdqKTofqAG0kYYi9UiaTexmKRXoO4="},"en-CY":{"path":"sp-loader_en-us_c0f6b2dade097e5c15a1.js","integrity":"sha256-FHiTzWyW0uv5rrLdqKTofqAG0kYYi9UiaTexmKRXoO4="},"en-EG":{"path":"sp-loader_en-us_c0f6b2dade097e5c15a1.js","integrity":"sha256-FHiTzWyW0uv5rrLdqKTofqAG0kYYi9UiaTexmKRXoO4="},"en-IL":{"path":"sp-loader_en-us_c0f6b2dade097e5c15a1.js","integrity":"sha256-FHiTzWyW0uv5rrLdqKTofqAG0kYYi9UiaTexmKRXoO4="},"en-IS":{"path":"sp-loader_en-us_c0f6b2dade097e5c15a1.js","integrity":"sha256-FHiTzWyW0uv5rrLdqKTofqAG0kYYi9UiaTexmKRXoO4="},"en-JO":{"path":"sp-loader_en-us_c0f6b2dade097e5c15a1.js","integrity":"sha256-FHiTzWyW0uv5rrLdqKTofqAG0kYYi9UiaTexmKRXoO4="},"en-KE":{"path":"sp-loader_en-us_c0f6b2dade097e5c15a1.js","integrity":"sha256-FHiTzWyW0uv5rrLdqKTofqAG0kYYi9UiaTexmKRXoO4="},"en-KW":{"path":"sp-loader_en-us_c0f6b2dade097e5c15a1.js","integrity":"sha256-FHiTzWyW0uv5rrLdqKTofqAG0kYYi9UiaTexmKRXoO4="},"en-MK":{"path":"sp-loader_en-us_c0f6b2dade097e5c15a1.js","integrity":"sha256-FHiTzWyW0uv5rrLdqKTofqAG0kYYi9UiaTexmKRXoO4="},"en-MT":{"path":"sp-loader_en-us_c0f6b2dade097e5c15a1.js","integrity":"sha256-FHiTzWyW0uv5rrLdqKTofqAG0kYYi9UiaTexmKRXoO4="},"en-PK":{"path":"sp-loader_en-us_c0f6b2dade097e5c15a1.js","integrity":"sha256-FHiTzWyW0uv5rrLdqKTofqAG0kYYi9UiaTexmKRXoO4="},"en-QA":{"path":"sp-loader_en-us_c0f6b2dade097e5c15a1.js","integrity":"sha256-FHiTzWyW0uv5rrLdqKTofqAG0kYYi9UiaTexmKRXoO4="},"en-SA":{"path":"sp-loader_en-us_c0f6b2dade097e5c15a1.js","integrity":"sha256-FHiTzWyW0uv5rrLdqKTofqAG0kYYi9UiaTexmKRXoO4="},"en-LK":{"path":"sp-loader_en-us_c0f6b2dade097e5c15a1.js","integrity":"sha256-FHiTzWyW0uv5rrLdqKTofqAG0kYYi9UiaTexmKRXoO4="},"en-AE":{"path":"sp-loader_en-us_c0f6b2dade097e5c15a1.js","integrity":"sha256-FHiTzWyW0uv5rrLdqKTofqAG0kYYi9UiaTexmKRXoO4="},"en-VN":{"path":"sp-loader_en-us_c0f6b2dade097e5c15a1.js","integrity":"sha256-FHiTzWyW0uv5rrLdqKTofqAG0kYYi9UiaTexmKRXoO4="},"is":{"path":"sp-loader_en-us_c0f6b2dade097e5c15a1.js","integrity":"sha256-FHiTzWyW0uv5rrLdqKTofqAG0kYYi9UiaTexmKRXoO4="},"km":{"path":"sp-loader_en-us_c0f6b2dade097e5c15a1.js","integrity":"sha256-FHiTzWyW0uv5rrLdqKTofqAG0kYYi9UiaTexmKRXoO4="},"kh":{"path":"sp-loader_en-us_c0f6b2dade097e5c15a1.js","integrity":"sha256-FHiTzWyW0uv5rrLdqKTofqAG0kYYi9UiaTexmKRXoO4="},"mt":{"path":"sp-loader_en-us_c0f6b2dade097e5c15a1.js","integrity":"sha256-FHiTzWyW0uv5rrLdqKTofqAG0kYYi9UiaTexmKRXoO4="},"fa":{"path":"sp-loader_en-us_c0f6b2dade097e5c15a1.js","integrity":"sha256-FHiTzWyW0uv5rrLdqKTofqAG0kYYi9UiaTexmKRXoO4="},"gd":{"path":"sp-loader_en-us_c0f6b2dade097e5c15a1.js","integrity":"sha256-FHiTzWyW0uv5rrLdqKTofqAG0kYYi9UiaTexmKRXoO4="},"sr-Cyrl-BA":{"path":"sp-loader_en-us_c0f6b2dade097e5c15a1.js","integrity":"sha256-FHiTzWyW0uv5rrLdqKTofqAG0kYYi9UiaTexmKRXoO4="},"sr-Latn-BA":{"path":"sp-loader_en-us_c0f6b2dade097e5c15a1.js","integrity":"sha256-FHiTzWyW0uv5rrLdqKTofqAG0kYYi9UiaTexmKRXoO4="},"sd":{"path":"sp-loader_en-us_c0f6b2dade097e5c15a1.js","integrity":"sha256-FHiTzWyW0uv5rrLdqKTofqAG0kYYi9UiaTexmKRXoO4="},"si":{"path":"sp-loader_en-us_c0f6b2dade097e5c15a1.js","integrity":"sha256-FHiTzWyW0uv5rrLdqKTofqAG0kYYi9UiaTexmKRXoO4="},"so":{"path":"sp-loader_en-us_c0f6b2dade097e5c15a1.js","integrity":"sha256-FHiTzWyW0uv5rrLdqKTofqAG0kYYi9UiaTexmKRXoO4="},"ti-ET":{"path":"sp-loader_en-us_c0f6b2dade097e5c15a1.js","integrity":"sha256-FHiTzWyW0uv5rrLdqKTofqAG0kYYi9UiaTexmKRXoO4="},"uz":{"path":"sp-loader_en-us_c0f6b2dade097e5c15a1.js","integrity":"sha256-FHiTzWyW0uv5rrLdqKTofqAG0kYYi9UiaTexmKRXoO4="},"en-SG":{"path":"sp-loader_en-us_c0f6b2dade097e5c15a1.js","integrity":"sha256-FHiTzWyW0uv5rrLdqKTofqAG0kYYi9UiaTexmKRXoO4="},"en-HK":{"path":"sp-loader_en-us_c0f6b2dade097e5c15a1.js","integrity":"sha256-FHiTzWyW0uv5rrLdqKTofqAG0kYYi9UiaTexmKRXoO4="},"en-MY":{"path":"sp-loader_en-us_c0f6b2dade097e5c15a1.js","integrity":"sha256-FHiTzWyW0uv5rrLdqKTofqAG0kYYi9UiaTexmKRXoO4="},"en-PH":{"path":"sp-loader_en-us_c0f6b2dade097e5c15a1.js","integrity":"sha256-FHiTzWyW0uv5rrLdqKTofqAG0kYYi9UiaTexmKRXoO4="},"en-TT":{"path":"sp-loader_en-us_c0f6b2dade097e5c15a1.js","integrity":"sha256-FHiTzWyW0uv5rrLdqKTofqAG0kYYi9UiaTexmKRXoO4="},"en-AZ":{"path":"sp-loader_en-us_c0f6b2dade097e5c15a1.js","integrity":"sha256-FHiTzWyW0uv5rrLdqKTofqAG0kYYi9UiaTexmKRXoO4="},"en-BH":{"path":"sp-loader_en-us_c0f6b2dade097e5c15a1.js","integrity":"sha256-FHiTzWyW0uv5rrLdqKTofqAG0kYYi9UiaTexmKRXoO4="},"en-BN":{"path":"sp-loader_en-us_c0f6b2dade097e5c15a1.js","integrity":"sha256-FHiTzWyW0uv5rrLdqKTofqAG0kYYi9UiaTexmKRXoO4="},"en-ID":{"path":"sp-loader_en-us_c0f6b2dade097e5c15a1.js","integrity":"sha256-FHiTzWyW0uv5rrLdqKTofqAG0kYYi9UiaTexmKRXoO4="},"mi":{"path":"sp-loader_en-us_c0f6b2dade097e5c15a1.js","integrity":"sha256-FHiTzWyW0uv5rrLdqKTofqAG0kYYi9UiaTexmKRXoO4="}},"defaultPath":{"path":"sp-loader_default_352aae18a42ee08ddcb9.js","integrity":"sha256-247phJ3RKJ9pOhWve67ohkfJjhFc4MkGk7JS/90LpNI="}},"@microsoft/sp-lodash-subset":{"type":"component","id":"73e1dc6c-8441-42cc-ad47-4bd3659f8a3a","version":"1.19.0"},"@microsoft/sp-core-library":{"type":"component","id":"7263c7d0-1d6a-45ec-8d85-d4d1d234171b","version":"1.19.0"},"@microsoft/sp-diagnostics":{"type":"component","id":"78359e4b-07c2-43c6-8d0b-d060b4d577e8","version":"1.19.0"},"@ms/sp-telemetry":{"type":"component","id":"8217e442-8ed3-41fd-957d-b112e841286a","version":"0.32.6"},"@microsoft/sp-http-base":{"type":"component","id":"8496636c-2300-4915-abef-20de64c98d8b","version":"1.19.0"},"@microsoft/sp-page-context":{"type":"component","id":"1c4541f7-5c31-41aa-9fa8-fbc9dc14c0a8","version":"1.19.0"},"tslib":{"type":"component","id":"01c4df03-e775-48cb-aa14-171ee5199a15","version":"2.3.1"},"@microsoft/sp-dynamic-data":{"type":"component","id":"e40f8203-b39d-425a-a957-714852e33b79","version":"1.19.0"},"@microsoft/load-themed-styles":{"type":"component","id":"229b8d08-79f3-438b-8c21-4613fc877abd","version":"0.1.2"}}}},"relativeManifestPath":"node_modules/@microsoft/sp-loader/dist/1c6c9123-7aac-41f3-a376-3caea41ed83f.manifest.json","packageName":"@microsoft/sp-loader"},{"manifestCreationTime":1726646488736,"manifestData":{"manifestVersion":2,"componentType":"Library","id":"44bae1a2-d2eb-4e10-8c21-a1dbdce1036f","alias":"sp-loader-assembly","isInternal":true,"version":"1.0.0","rootComponentId":"1c6c9123-7aac-41f3-a376-3caea41ed83f","requiresCustomScript":false,"loaderConfig":{"internalModuleBaseUrls":[],"entryModuleId":"sp-loader-assembly","scriptResources":{"sp-loader-assembly":{"type":"localizedPath","paths":{"default":"sp-loader-assembly_default.js","qps-ploca":"sp-loader-assembly_qps-ploca.js","qps-ploc":"sp-loader-assembly_qps-ploc.js","en-US":"sp-loader-assembly_en-us.js","en-GB":"sp-loader-assembly_en-us.js","en-NZ":"sp-loader-assembly_en-us.js","en-IE":"sp-loader-assembly_en-us.js","en-AU":"sp-loader-assembly_en-us.js","bn":"sp-loader-assembly_en-us.js","chr":"sp-loader-assembly_en-us.js","dv":"sp-loader-assembly_en-us.js","div":"sp-loader-assembly_en-us.js","en":"sp-loader-assembly_en-us.js","fil":"sp-loader-assembly_en-us.js","haw":"sp-loader-assembly_en-us.js","iu":"sp-loader-assembly_en-us.js","lo":"sp-loader-assembly_en-us.js","moh":"sp-loader-assembly_en-us.js","sq":"sp-loader-assembly_en-us.js","am":"sp-loader-assembly_en-us.js","hy":"sp-loader-assembly_en-us.js","mk":"sp-loader-assembly_en-us.js","bs":"sp-loader-assembly_en-us.js","my":"sp-loader-assembly_en-us.js","dz":"sp-loader-assembly_en-us.js","en-CY":"sp-loader-assembly_en-us.js","en-EG":"sp-loader-assembly_en-us.js","en-IL":"sp-loader-assembly_en-us.js","en-IS":"sp-loader-assembly_en-us.js","en-JO":"sp-loader-assembly_en-us.js","en-KE":"sp-loader-assembly_en-us.js","en-KW":"sp-loader-assembly_en-us.js","en-MK":"sp-loader-assembly_en-us.js","en-MT":"sp-loader-assembly_en-us.js","en-PK":"sp-loader-assembly_en-us.js","en-QA":"sp-loader-assembly_en-us.js","en-SA":"sp-loader-assembly_en-us.js","en-LK":"sp-loader-assembly_en-us.js","en-AE":"sp-loader-assembly_en-us.js","en-VN":"sp-loader-assembly_en-us.js","is":"sp-loader-assembly_en-us.js","km":"sp-loader-assembly_en-us.js","kh":"sp-loader-assembly_en-us.js","mt":"sp-loader-assembly_en-us.js","fa":"sp-loader-assembly_en-us.js","gd":"sp-loader-assembly_en-us.js","sr-Cyrl-BA":"sp-loader-assembly_en-us.js","sr-Latn-BA":"sp-loader-assembly_en-us.js","sd":"sp-loader-assembly_en-us.js","si":"sp-loader-assembly_en-us.js","so":"sp-loader-assembly_en-us.js","ti-ET":"sp-loader-assembly_en-us.js","uz":"sp-loader-assembly_en-us.js","en-SG":"sp-loader-assembly_en-us.js","en-HK":"sp-loader-assembly_en-us.js","en-MY":"sp-loader-assembly_en-us.js","en-PH":"sp-loader-assembly_en-us.js","en-TT":"sp-loader-assembly_en-us.js","en-AZ":"sp-loader-assembly_en-us.js","en-BH":"sp-loader-assembly_en-us.js","en-BN":"sp-loader-assembly_en-us.js","en-ID":"sp-loader-assembly_en-us.js","mi":"sp-loader-assembly_en-us.js"},"defaultPath":"sp-loader-assembly_default.js"}}}},"relativeManifestPath":"node_modules/@microsoft/sp-loader/dist/44bae1a2-d2eb-4e10-8c21-a1dbdce1036f.manifest.json","packageName":"@microsoft/sp-loader"},{"manifestCreationTime":1726646473602,"manifestData":{"manifestVersion":2,"id":"aec2bbfd-a968-4d5b-a279-12e570f378e6","alias":"@microsoft/sp-http-msgraph","componentType":"Library","version":"1.19.0","loaderConfig":{"internalModuleBaseUrls":["https://localhost:4321/dist/"],"entryModuleId":"sp-http-msgraph","scriptResources":{"sp-http-msgraph":{"type":"localizedPath","paths":{"default":{"path":"sp-http-msgraph_default_bc2ab7afb9bf2961c628.js","integrity":"sha256-xkVd1yW5iKDyXdimhw2962hQDJpPp3pQ9DuYLlhph70="},"en-US":{"path":"sp-http-msgraph_en-us_a3c962e6926ab7863784.js","integrity":"sha256-kI9h6yp/aEvVJ3VRsvofu+LjMabcqlYiiaiC5DvVs9E="},"qps-ploca":{"path":"sp-http-msgraph_qps-ploca_73acb85cdbe459e02423.js","integrity":"sha256-BB3NuIcBwvdq5J9VMvIWWN/x5NCznCbx46dZpORFXas="},"qps-ploc":{"path":"sp-http-msgraph_qps-ploc_c7817be4fa9c1fc3f752.js","integrity":"sha256-8zvfQvm6rGfwNEM/ctYUJSX8ajh8JqcFO1U61GQ6/1g="},"en-GB":{"path":"sp-http-msgraph_en-us_a3c962e6926ab7863784.js","integrity":"sha256-kI9h6yp/aEvVJ3VRsvofu+LjMabcqlYiiaiC5DvVs9E="},"en-NZ":{"path":"sp-http-msgraph_en-us_a3c962e6926ab7863784.js","integrity":"sha256-kI9h6yp/aEvVJ3VRsvofu+LjMabcqlYiiaiC5DvVs9E="},"en-IE":{"path":"sp-http-msgraph_en-us_a3c962e6926ab7863784.js","integrity":"sha256-kI9h6yp/aEvVJ3VRsvofu+LjMabcqlYiiaiC5DvVs9E="},"en-AU":{"path":"sp-http-msgraph_en-us_a3c962e6926ab7863784.js","integrity":"sha256-kI9h6yp/aEvVJ3VRsvofu+LjMabcqlYiiaiC5DvVs9E="},"bn":{"path":"sp-http-msgraph_en-us_a3c962e6926ab7863784.js","integrity":"sha256-kI9h6yp/aEvVJ3VRsvofu+LjMabcqlYiiaiC5DvVs9E="},"chr":{"path":"sp-http-msgraph_en-us_a3c962e6926ab7863784.js","integrity":"sha256-kI9h6yp/aEvVJ3VRsvofu+LjMabcqlYiiaiC5DvVs9E="},"dv":{"path":"sp-http-msgraph_en-us_a3c962e6926ab7863784.js","integrity":"sha256-kI9h6yp/aEvVJ3VRsvofu+LjMabcqlYiiaiC5DvVs9E="},"div":{"path":"sp-http-msgraph_en-us_a3c962e6926ab7863784.js","integrity":"sha256-kI9h6yp/aEvVJ3VRsvofu+LjMabcqlYiiaiC5DvVs9E="},"en":{"path":"sp-http-msgraph_en-us_a3c962e6926ab7863784.js","integrity":"sha256-kI9h6yp/aEvVJ3VRsvofu+LjMabcqlYiiaiC5DvVs9E="},"fil":{"path":"sp-http-msgraph_en-us_a3c962e6926ab7863784.js","integrity":"sha256-kI9h6yp/aEvVJ3VRsvofu+LjMabcqlYiiaiC5DvVs9E="},"haw":{"path":"sp-http-msgraph_en-us_a3c962e6926ab7863784.js","integrity":"sha256-kI9h6yp/aEvVJ3VRsvofu+LjMabcqlYiiaiC5DvVs9E="},"iu":{"path":"sp-http-msgraph_en-us_a3c962e6926ab7863784.js","integrity":"sha256-kI9h6yp/aEvVJ3VRsvofu+LjMabcqlYiiaiC5DvVs9E="},"lo":{"path":"sp-http-msgraph_en-us_a3c962e6926ab7863784.js","integrity":"sha256-kI9h6yp/aEvVJ3VRsvofu+LjMabcqlYiiaiC5DvVs9E="},"moh":{"path":"sp-http-msgraph_en-us_a3c962e6926ab7863784.js","integrity":"sha256-kI9h6yp/aEvVJ3VRsvofu+LjMabcqlYiiaiC5DvVs9E="},"sq":{"path":"sp-http-msgraph_en-us_a3c962e6926ab7863784.js","integrity":"sha256-kI9h6yp/aEvVJ3VRsvofu+LjMabcqlYiiaiC5DvVs9E="},"am":{"path":"sp-http-msgraph_en-us_a3c962e6926ab7863784.js","integrity":"sha256-kI9h6yp/aEvVJ3VRsvofu+LjMabcqlYiiaiC5DvVs9E="},"hy":{"path":"sp-http-msgraph_en-us_a3c962e6926ab7863784.js","integrity":"sha256-kI9h6yp/aEvVJ3VRsvofu+LjMabcqlYiiaiC5DvVs9E="},"mk":{"path":"sp-http-msgraph_en-us_a3c962e6926ab7863784.js","integrity":"sha256-kI9h6yp/aEvVJ3VRsvofu+LjMabcqlYiiaiC5DvVs9E="},"bs":{"path":"sp-http-msgraph_en-us_a3c962e6926ab7863784.js","integrity":"sha256-kI9h6yp/aEvVJ3VRsvofu+LjMabcqlYiiaiC5DvVs9E="},"my":{"path":"sp-http-msgraph_en-us_a3c962e6926ab7863784.js","integrity":"sha256-kI9h6yp/aEvVJ3VRsvofu+LjMabcqlYiiaiC5DvVs9E="},"dz":{"path":"sp-http-msgraph_en-us_a3c962e6926ab7863784.js","integrity":"sha256-kI9h6yp/aEvVJ3VRsvofu+LjMabcqlYiiaiC5DvVs9E="},"en-CY":{"path":"sp-http-msgraph_en-us_a3c962e6926ab7863784.js","integrity":"sha256-kI9h6yp/aEvVJ3VRsvofu+LjMabcqlYiiaiC5DvVs9E="},"en-EG":{"path":"sp-http-msgraph_en-us_a3c962e6926ab7863784.js","integrity":"sha256-kI9h6yp/aEvVJ3VRsvofu+LjMabcqlYiiaiC5DvVs9E="},"en-IL":{"path":"sp-http-msgraph_en-us_a3c962e6926ab7863784.js","integrity":"sha256-kI9h6yp/aEvVJ3VRsvofu+LjMabcqlYiiaiC5DvVs9E="},"en-IS":{"path":"sp-http-msgraph_en-us_a3c962e6926ab7863784.js","integrity":"sha256-kI9h6yp/aEvVJ3VRsvofu+LjMabcqlYiiaiC5DvVs9E="},"en-JO":{"path":"sp-http-msgraph_en-us_a3c962e6926ab7863784.js","integrity":"sha256-kI9h6yp/aEvVJ3VRsvofu+LjMabcqlYiiaiC5DvVs9E="},"en-KE":{"path":"sp-http-msgraph_en-us_a3c962e6926ab7863784.js","integrity":"sha256-kI9h6yp/aEvVJ3VRsvofu+LjMabcqlYiiaiC5DvVs9E="},"en-KW":{"path":"sp-http-msgraph_en-us_a3c962e6926ab7863784.js","integrity":"sha256-kI9h6yp/aEvVJ3VRsvofu+LjMabcqlYiiaiC5DvVs9E="},"en-MK":{"path":"sp-http-msgraph_en-us_a3c962e6926ab7863784.js","integrity":"sha256-kI9h6yp/aEvVJ3VRsvofu+LjMabcqlYiiaiC5DvVs9E="},"en-MT":{"path":"sp-http-msgraph_en-us_a3c962e6926ab7863784.js","integrity":"sha256-kI9h6yp/aEvVJ3VRsvofu+LjMabcqlYiiaiC5DvVs9E="},"en-PK":{"path":"sp-http-msgraph_en-us_a3c962e6926ab7863784.js","integrity":"sha256-kI9h6yp/aEvVJ3VRsvofu+LjMabcqlYiiaiC5DvVs9E="},"en-QA":{"path":"sp-http-msgraph_en-us_a3c962e6926ab7863784.js","integrity":"sha256-kI9h6yp/aEvVJ3VRsvofu+LjMabcqlYiiaiC5DvVs9E="},"en-SA":{"path":"sp-http-msgraph_en-us_a3c962e6926ab7863784.js","integrity":"sha256-kI9h6yp/aEvVJ3VRsvofu+LjMabcqlYiiaiC5DvVs9E="},"en-LK":{"path":"sp-http-msgraph_en-us_a3c962e6926ab7863784.js","integrity":"sha256-kI9h6yp/aEvVJ3VRsvofu+LjMabcqlYiiaiC5DvVs9E="},"en-AE":{"path":"sp-http-msgraph_en-us_a3c962e6926ab7863784.js","integrity":"sha256-kI9h6yp/aEvVJ3VRsvofu+LjMabcqlYiiaiC5DvVs9E="},"en-VN":{"path":"sp-http-msgraph_en-us_a3c962e6926ab7863784.js","integrity":"sha256-kI9h6yp/aEvVJ3VRsvofu+LjMabcqlYiiaiC5DvVs9E="},"is":{"path":"sp-http-msgraph_en-us_a3c962e6926ab7863784.js","integrity":"sha256-kI9h6yp/aEvVJ3VRsvofu+LjMabcqlYiiaiC5DvVs9E="},"km":{"path":"sp-http-msgraph_en-us_a3c962e6926ab7863784.js","integrity":"sha256-kI9h6yp/aEvVJ3VRsvofu+LjMabcqlYiiaiC5DvVs9E="},"kh":{"path":"sp-http-msgraph_en-us_a3c962e6926ab7863784.js","integrity":"sha256-kI9h6yp/aEvVJ3VRsvofu+LjMabcqlYiiaiC5DvVs9E="},"mt":{"path":"sp-http-msgraph_en-us_a3c962e6926ab7863784.js","integrity":"sha256-kI9h6yp/aEvVJ3VRsvofu+LjMabcqlYiiaiC5DvVs9E="},"fa":{"path":"sp-http-msgraph_en-us_a3c962e6926ab7863784.js","integrity":"sha256-kI9h6yp/aEvVJ3VRsvofu+LjMabcqlYiiaiC5DvVs9E="},"gd":{"path":"sp-http-msgraph_en-us_a3c962e6926ab7863784.js","integrity":"sha256-kI9h6yp/aEvVJ3VRsvofu+LjMabcqlYiiaiC5DvVs9E="},"sr-Cyrl-BA":{"path":"sp-http-msgraph_en-us_a3c962e6926ab7863784.js","integrity":"sha256-kI9h6yp/aEvVJ3VRsvofu+LjMabcqlYiiaiC5DvVs9E="},"sr-Latn-BA":{"path":"sp-http-msgraph_en-us_a3c962e6926ab7863784.js","integrity":"sha256-kI9h6yp/aEvVJ3VRsvofu+LjMabcqlYiiaiC5DvVs9E="},"sd":{"path":"sp-http-msgraph_en-us_a3c962e6926ab7863784.js","integrity":"sha256-kI9h6yp/aEvVJ3VRsvofu+LjMabcqlYiiaiC5DvVs9E="},"si":{"path":"sp-http-msgraph_en-us_a3c962e6926ab7863784.js","integrity":"sha256-kI9h6yp/aEvVJ3VRsvofu+LjMabcqlYiiaiC5DvVs9E="},"so":{"path":"sp-http-msgraph_en-us_a3c962e6926ab7863784.js","integrity":"sha256-kI9h6yp/aEvVJ3VRsvofu+LjMabcqlYiiaiC5DvVs9E="},"ti-ET":{"path":"sp-http-msgraph_en-us_a3c962e6926ab7863784.js","integrity":"sha256-kI9h6yp/aEvVJ3VRsvofu+LjMabcqlYiiaiC5DvVs9E="},"uz":{"path":"sp-http-msgraph_en-us_a3c962e6926ab7863784.js","integrity":"sha256-kI9h6yp/aEvVJ3VRsvofu+LjMabcqlYiiaiC5DvVs9E="},"en-SG":{"path":"sp-http-msgraph_en-us_a3c962e6926ab7863784.js","integrity":"sha256-kI9h6yp/aEvVJ3VRsvofu+LjMabcqlYiiaiC5DvVs9E="},"en-HK":{"path":"sp-http-msgraph_en-us_a3c962e6926ab7863784.js","integrity":"sha256-kI9h6yp/aEvVJ3VRsvofu+LjMabcqlYiiaiC5DvVs9E="},"en-MY":{"path":"sp-http-msgraph_en-us_a3c962e6926ab7863784.js","integrity":"sha256-kI9h6yp/aEvVJ3VRsvofu+LjMabcqlYiiaiC5DvVs9E="},"en-PH":{"path":"sp-http-msgraph_en-us_a3c962e6926ab7863784.js","integrity":"sha256-kI9h6yp/aEvVJ3VRsvofu+LjMabcqlYiiaiC5DvVs9E="},"en-TT":{"path":"sp-http-msgraph_en-us_a3c962e6926ab7863784.js","integrity":"sha256-kI9h6yp/aEvVJ3VRsvofu+LjMabcqlYiiaiC5DvVs9E="},"en-AZ":{"path":"sp-http-msgraph_en-us_a3c962e6926ab7863784.js","integrity":"sha256-kI9h6yp/aEvVJ3VRsvofu+LjMabcqlYiiaiC5DvVs9E="},"en-BH":{"path":"sp-http-msgraph_en-us_a3c962e6926ab7863784.js","integrity":"sha256-kI9h6yp/aEvVJ3VRsvofu+LjMabcqlYiiaiC5DvVs9E="},"en-BN":{"path":"sp-http-msgraph_en-us_a3c962e6926ab7863784.js","integrity":"sha256-kI9h6yp/aEvVJ3VRsvofu+LjMabcqlYiiaiC5DvVs9E="},"en-ID":{"path":"sp-http-msgraph_en-us_a3c962e6926ab7863784.js","integrity":"sha256-kI9h6yp/aEvVJ3VRsvofu+LjMabcqlYiiaiC5DvVs9E="},"mi":{"path":"sp-http-msgraph_en-us_a3c962e6926ab7863784.js","integrity":"sha256-kI9h6yp/aEvVJ3VRsvofu+LjMabcqlYiiaiC5DvVs9E="}},"defaultPath":{"path":"sp-http-msgraph_default_bc2ab7afb9bf2961c628.js","integrity":"sha256-xkVd1yW5iKDyXdimhw2962hQDJpPp3pQ9DuYLlhph70="}},"tslib":{"type":"component","id":"01c4df03-e775-48cb-aa14-171ee5199a15","version":"2.3.1"},"@microsoft/sp-core-library":{"type":"component","id":"7263c7d0-1d6a-45ec-8d85-d4d1d234171b","version":"1.19.0"},"@microsoft/sp-diagnostics":{"type":"component","id":"78359e4b-07c2-43c6-8d0b-d060b4d577e8","version":"1.19.0"},"@microsoft/sp-http-base":{"type":"component","id":"8496636c-2300-4915-abef-20de64c98d8b","version":"1.19.0"},"@microsoft/sp-loader":{"type":"component","id":"1c6c9123-7aac-41f3-a376-3caea41ed83f","version":"1.19.0"}}}},"relativeManifestPath":"node_modules/@microsoft/sp-http-msgraph/dist/aec2bbfd-a968-4d5b-a279-12e570f378e6.manifest.json","packageName":"@microsoft/sp-http-msgraph"},{"manifestCreationTime":1726646471325,"manifestData":{"id":"c07208f0-ea3b-4c1a-9965-ac1b825211a6","alias":"SPHttp","componentType":"Library","version":"1.19.0","manifestVersion":2,"preloadComponents":[],"loaderConfig":{"internalModuleBaseUrls":["https://localhost:4321/dist/"],"entryModuleId":"sp-http","scriptResources":{"sp-http":{"type":"path","path":{"path":"sp-http_none_9b316a1d05eb17a7e684.js","integrity":"sha256-dbPlRhAlf7cVBTe8ptPzEPQePZIMrHQ7gePKvQ0Em6E="}},"@microsoft/sp-http-base":{"type":"component","id":"8496636c-2300-4915-abef-20de64c98d8b","version":"1.19.0"},"@microsoft/sp-diagnostics":{"type":"component","id":"78359e4b-07c2-43c6-8d0b-d060b4d577e8","version":"1.19.0"},"@microsoft/sp-core-library":{"type":"component","id":"7263c7d0-1d6a-45ec-8d85-d4d1d234171b","version":"1.19.0"},"tslib":{"type":"component","id":"01c4df03-e775-48cb-aa14-171ee5199a15","version":"2.3.1"},"@microsoft/sp-http-msgraph":{"type":"component","id":"aec2bbfd-a968-4d5b-a279-12e570f378e6","version":"1.19.0"}}}},"relativeManifestPath":"node_modules/@microsoft/sp-http/dist/c07208f0-ea3b-4c1a-9965-ac1b825211a6.manifest.json","packageName":"@microsoft/sp-http"},{"manifestCreationTime":1726646479488,"manifestData":{"id":"467dc675-7cc5-4709-8aac-78e3b71bd2f6","alias":"SPComponentBase","componentType":"Library","version":"1.19.0","manifestVersion":2,"loaderConfig":{"internalModuleBaseUrls":["https://localhost:4321/dist/"],"entryModuleId":"sp-component-base","scriptResources":{"sp-component-base":{"type":"localizedPath","paths":{"default":{"path":"sp-component-base_default_8d09a1af32c0979f00b2.js","integrity":"sha256-AvcvMtAU60eO0ffViiCMFpRjwEXBOEKwF3rVwRWNQSg="},"en-US":{"path":"sp-component-base_en-us_f7855abf96d9880ed89e.js","integrity":"sha256-oJxEGH93pryN3ztYLaFKfn5wewhCg4XoumGYl6CDkE0="},"qps-ploca":{"path":"sp-component-base_qps-ploca_729c8f356007cd0d1870.js","integrity":"sha256-OkHXgMS5MkXiFYa9saReQW1684Lar3euFR10yp1MnxQ="},"qps-ploc":{"path":"sp-component-base_qps-ploc_4b0d8b3bf0b7b5cf24d5.js","integrity":"sha256-sNiTaLxA38LscBJkJuY1tb3qUpwcgE9lh4uvM2RW7Ug="},"en-GB":{"path":"sp-component-base_en-us_f7855abf96d9880ed89e.js","integrity":"sha256-oJxEGH93pryN3ztYLaFKfn5wewhCg4XoumGYl6CDkE0="},"en-NZ":{"path":"sp-component-base_en-us_f7855abf96d9880ed89e.js","integrity":"sha256-oJxEGH93pryN3ztYLaFKfn5wewhCg4XoumGYl6CDkE0="},"en-IE":{"path":"sp-component-base_en-us_f7855abf96d9880ed89e.js","integrity":"sha256-oJxEGH93pryN3ztYLaFKfn5wewhCg4XoumGYl6CDkE0="},"en-AU":{"path":"sp-component-base_en-us_f7855abf96d9880ed89e.js","integrity":"sha256-oJxEGH93pryN3ztYLaFKfn5wewhCg4XoumGYl6CDkE0="},"bn":{"path":"sp-component-base_en-us_f7855abf96d9880ed89e.js","integrity":"sha256-oJxEGH93pryN3ztYLaFKfn5wewhCg4XoumGYl6CDkE0="},"chr":{"path":"sp-component-base_en-us_f7855abf96d9880ed89e.js","integrity":"sha256-oJxEGH93pryN3ztYLaFKfn5wewhCg4XoumGYl6CDkE0="},"dv":{"path":"sp-component-base_en-us_f7855abf96d9880ed89e.js","integrity":"sha256-oJxEGH93pryN3ztYLaFKfn5wewhCg4XoumGYl6CDkE0="},"div":{"path":"sp-component-base_en-us_f7855abf96d9880ed89e.js","integrity":"sha256-oJxEGH93pryN3ztYLaFKfn5wewhCg4XoumGYl6CDkE0="},"en":{"path":"sp-component-base_en-us_f7855abf96d9880ed89e.js","integrity":"sha256-oJxEGH93pryN3ztYLaFKfn5wewhCg4XoumGYl6CDkE0="},"fil":{"path":"sp-component-base_en-us_f7855abf96d9880ed89e.js","integrity":"sha256-oJxEGH93pryN3ztYLaFKfn5wewhCg4XoumGYl6CDkE0="},"haw":{"path":"sp-component-base_en-us_f7855abf96d9880ed89e.js","integrity":"sha256-oJxEGH93pryN3ztYLaFKfn5wewhCg4XoumGYl6CDkE0="},"iu":{"path":"sp-component-base_en-us_f7855abf96d9880ed89e.js","integrity":"sha256-oJxEGH93pryN3ztYLaFKfn5wewhCg4XoumGYl6CDkE0="},"lo":{"path":"sp-component-base_en-us_f7855abf96d9880ed89e.js","integrity":"sha256-oJxEGH93pryN3ztYLaFKfn5wewhCg4XoumGYl6CDkE0="},"moh":{"path":"sp-component-base_en-us_f7855abf96d9880ed89e.js","integrity":"sha256-oJxEGH93pryN3ztYLaFKfn5wewhCg4XoumGYl6CDkE0="},"sq":{"path":"sp-component-base_en-us_f7855abf96d9880ed89e.js","integrity":"sha256-oJxEGH93pryN3ztYLaFKfn5wewhCg4XoumGYl6CDkE0="},"am":{"path":"sp-component-base_en-us_f7855abf96d9880ed89e.js","integrity":"sha256-oJxEGH93pryN3ztYLaFKfn5wewhCg4XoumGYl6CDkE0="},"hy":{"path":"sp-component-base_en-us_f7855abf96d9880ed89e.js","integrity":"sha256-oJxEGH93pryN3ztYLaFKfn5wewhCg4XoumGYl6CDkE0="},"mk":{"path":"sp-component-base_en-us_f7855abf96d9880ed89e.js","integrity":"sha256-oJxEGH93pryN3ztYLaFKfn5wewhCg4XoumGYl6CDkE0="},"bs":{"path":"sp-component-base_en-us_f7855abf96d9880ed89e.js","integrity":"sha256-oJxEGH93pryN3ztYLaFKfn5wewhCg4XoumGYl6CDkE0="},"my":{"path":"sp-component-base_en-us_f7855abf96d9880ed89e.js","integrity":"sha256-oJxEGH93pryN3ztYLaFKfn5wewhCg4XoumGYl6CDkE0="},"dz":{"path":"sp-component-base_en-us_f7855abf96d9880ed89e.js","integrity":"sha256-oJxEGH93pryN3ztYLaFKfn5wewhCg4XoumGYl6CDkE0="},"en-CY":{"path":"sp-component-base_en-us_f7855abf96d9880ed89e.js","integrity":"sha256-oJxEGH93pryN3ztYLaFKfn5wewhCg4XoumGYl6CDkE0="},"en-EG":{"path":"sp-component-base_en-us_f7855abf96d9880ed89e.js","integrity":"sha256-oJxEGH93pryN3ztYLaFKfn5wewhCg4XoumGYl6CDkE0="},"en-IL":{"path":"sp-component-base_en-us_f7855abf96d9880ed89e.js","integrity":"sha256-oJxEGH93pryN3ztYLaFKfn5wewhCg4XoumGYl6CDkE0="},"en-IS":{"path":"sp-component-base_en-us_f7855abf96d9880ed89e.js","integrity":"sha256-oJxEGH93pryN3ztYLaFKfn5wewhCg4XoumGYl6CDkE0="},"en-JO":{"path":"sp-component-base_en-us_f7855abf96d9880ed89e.js","integrity":"sha256-oJxEGH93pryN3ztYLaFKfn5wewhCg4XoumGYl6CDkE0="},"en-KE":{"path":"sp-component-base_en-us_f7855abf96d9880ed89e.js","integrity":"sha256-oJxEGH93pryN3ztYLaFKfn5wewhCg4XoumGYl6CDkE0="},"en-KW":{"path":"sp-component-base_en-us_f7855abf96d9880ed89e.js","integrity":"sha256-oJxEGH93pryN3ztYLaFKfn5wewhCg4XoumGYl6CDkE0="},"en-MK":{"path":"sp-component-base_en-us_f7855abf96d9880ed89e.js","integrity":"sha256-oJxEGH93pryN3ztYLaFKfn5wewhCg4XoumGYl6CDkE0="},"en-MT":{"path":"sp-component-base_en-us_f7855abf96d9880ed89e.js","integrity":"sha256-oJxEGH93pryN3ztYLaFKfn5wewhCg4XoumGYl6CDkE0="},"en-PK":{"path":"sp-component-base_en-us_f7855abf96d9880ed89e.js","integrity":"sha256-oJxEGH93pryN3ztYLaFKfn5wewhCg4XoumGYl6CDkE0="},"en-QA":{"path":"sp-component-base_en-us_f7855abf96d9880ed89e.js","integrity":"sha256-oJxEGH93pryN3ztYLaFKfn5wewhCg4XoumGYl6CDkE0="},"en-SA":{"path":"sp-component-base_en-us_f7855abf96d9880ed89e.js","integrity":"sha256-oJxEGH93pryN3ztYLaFKfn5wewhCg4XoumGYl6CDkE0="},"en-LK":{"path":"sp-component-base_en-us_f7855abf96d9880ed89e.js","integrity":"sha256-oJxEGH93pryN3ztYLaFKfn5wewhCg4XoumGYl6CDkE0="},"en-AE":{"path":"sp-component-base_en-us_f7855abf96d9880ed89e.js","integrity":"sha256-oJxEGH93pryN3ztYLaFKfn5wewhCg4XoumGYl6CDkE0="},"en-VN":{"path":"sp-component-base_en-us_f7855abf96d9880ed89e.js","integrity":"sha256-oJxEGH93pryN3ztYLaFKfn5wewhCg4XoumGYl6CDkE0="},"is":{"path":"sp-component-base_en-us_f7855abf96d9880ed89e.js","integrity":"sha256-oJxEGH93pryN3ztYLaFKfn5wewhCg4XoumGYl6CDkE0="},"km":{"path":"sp-component-base_en-us_f7855abf96d9880ed89e.js","integrity":"sha256-oJxEGH93pryN3ztYLaFKfn5wewhCg4XoumGYl6CDkE0="},"kh":{"path":"sp-component-base_en-us_f7855abf96d9880ed89e.js","integrity":"sha256-oJxEGH93pryN3ztYLaFKfn5wewhCg4XoumGYl6CDkE0="},"mt":{"path":"sp-component-base_en-us_f7855abf96d9880ed89e.js","integrity":"sha256-oJxEGH93pryN3ztYLaFKfn5wewhCg4XoumGYl6CDkE0="},"fa":{"path":"sp-component-base_en-us_f7855abf96d9880ed89e.js","integrity":"sha256-oJxEGH93pryN3ztYLaFKfn5wewhCg4XoumGYl6CDkE0="},"gd":{"path":"sp-component-base_en-us_f7855abf96d9880ed89e.js","integrity":"sha256-oJxEGH93pryN3ztYLaFKfn5wewhCg4XoumGYl6CDkE0="},"sr-Cyrl-BA":{"path":"sp-component-base_en-us_f7855abf96d9880ed89e.js","integrity":"sha256-oJxEGH93pryN3ztYLaFKfn5wewhCg4XoumGYl6CDkE0="},"sr-Latn-BA":{"path":"sp-component-base_en-us_f7855abf96d9880ed89e.js","integrity":"sha256-oJxEGH93pryN3ztYLaFKfn5wewhCg4XoumGYl6CDkE0="},"sd":{"path":"sp-component-base_en-us_f7855abf96d9880ed89e.js","integrity":"sha256-oJxEGH93pryN3ztYLaFKfn5wewhCg4XoumGYl6CDkE0="},"si":{"path":"sp-component-base_en-us_f7855abf96d9880ed89e.js","integrity":"sha256-oJxEGH93pryN3ztYLaFKfn5wewhCg4XoumGYl6CDkE0="},"so":{"path":"sp-component-base_en-us_f7855abf96d9880ed89e.js","integrity":"sha256-oJxEGH93pryN3ztYLaFKfn5wewhCg4XoumGYl6CDkE0="},"ti-ET":{"path":"sp-component-base_en-us_f7855abf96d9880ed89e.js","integrity":"sha256-oJxEGH93pryN3ztYLaFKfn5wewhCg4XoumGYl6CDkE0="},"uz":{"path":"sp-component-base_en-us_f7855abf96d9880ed89e.js","integrity":"sha256-oJxEGH93pryN3ztYLaFKfn5wewhCg4XoumGYl6CDkE0="},"en-SG":{"path":"sp-component-base_en-us_f7855abf96d9880ed89e.js","integrity":"sha256-oJxEGH93pryN3ztYLaFKfn5wewhCg4XoumGYl6CDkE0="},"en-HK":{"path":"sp-component-base_en-us_f7855abf96d9880ed89e.js","integrity":"sha256-oJxEGH93pryN3ztYLaFKfn5wewhCg4XoumGYl6CDkE0="},"en-MY":{"path":"sp-component-base_en-us_f7855abf96d9880ed89e.js","integrity":"sha256-oJxEGH93pryN3ztYLaFKfn5wewhCg4XoumGYl6CDkE0="},"en-PH":{"path":"sp-component-base_en-us_f7855abf96d9880ed89e.js","integrity":"sha256-oJxEGH93pryN3ztYLaFKfn5wewhCg4XoumGYl6CDkE0="},"en-TT":{"path":"sp-component-base_en-us_f7855abf96d9880ed89e.js","integrity":"sha256-oJxEGH93pryN3ztYLaFKfn5wewhCg4XoumGYl6CDkE0="},"en-AZ":{"path":"sp-component-base_en-us_f7855abf96d9880ed89e.js","integrity":"sha256-oJxEGH93pryN3ztYLaFKfn5wewhCg4XoumGYl6CDkE0="},"en-BH":{"path":"sp-component-base_en-us_f7855abf96d9880ed89e.js","integrity":"sha256-oJxEGH93pryN3ztYLaFKfn5wewhCg4XoumGYl6CDkE0="},"en-BN":{"path":"sp-component-base_en-us_f7855abf96d9880ed89e.js","integrity":"sha256-oJxEGH93pryN3ztYLaFKfn5wewhCg4XoumGYl6CDkE0="},"en-ID":{"path":"sp-component-base_en-us_f7855abf96d9880ed89e.js","integrity":"sha256-oJxEGH93pryN3ztYLaFKfn5wewhCg4XoumGYl6CDkE0="},"mi":{"path":"sp-component-base_en-us_f7855abf96d9880ed89e.js","integrity":"sha256-oJxEGH93pryN3ztYLaFKfn5wewhCg4XoumGYl6CDkE0="}},"defaultPath":{"path":"sp-component-base_default_8d09a1af32c0979f00b2.js","integrity":"sha256-AvcvMtAU60eO0ffViiCMFpRjwEXBOEKwF3rVwRWNQSg="}},"@microsoft/sp-core-library":{"type":"component","id":"7263c7d0-1d6a-45ec-8d85-d4d1d234171b","version":"1.19.0"},"@microsoft/sp-diagnostics":{"type":"component","id":"78359e4b-07c2-43c6-8d0b-d060b4d577e8","version":"1.19.0"},"@microsoft/sp-page-context":{"type":"component","id":"1c4541f7-5c31-41aa-9fa8-fbc9dc14c0a8","version":"1.19.0"},"@microsoft/sp-http":{"type":"component","id":"c07208f0-ea3b-4c1a-9965-ac1b825211a6","version":"1.19.0"},"@microsoft/sp-dynamic-data":{"type":"component","id":"e40f8203-b39d-425a-a957-714852e33b79","version":"1.19.0"},"@microsoft/sp-lodash-subset":{"type":"component","id":"73e1dc6c-8441-42cc-ad47-4bd3659f8a3a","version":"1.19.0"},"tslib":{"type":"component","id":"01c4df03-e775-48cb-aa14-171ee5199a15","version":"2.3.1"},"@microsoft/load-themed-styles":{"type":"component","id":"229b8d08-79f3-438b-8c21-4613fc877abd","version":"0.1.2"},"@ms/sp-telemetry":{"type":"component","id":"8217e442-8ed3-41fd-957d-b112e841286a","version":"0.32.6"}}}},"relativeManifestPath":"node_modules/@microsoft/sp-component-base/dist/467dc675-7cc5-4709-8aac-78e3b71bd2f6.manifest.json","packageName":"@microsoft/sp-component-base"},{"manifestCreationTime":1726646471486,"manifestData":{"id":"29bd516f-4ece-40b7-8028-597cbc65a223","alias":"SpOfficeUIFabricCore","componentType":"Library","version":"1.19.0","manifestVersion":2,"loaderConfig":{"internalModuleBaseUrls":["http://localhost:4321/dist/"],"entryModuleId":"office-ui-fabric-core","scriptResources":{"office-ui-fabric-core":{"type":"path","path":{"path":"office-ui-fabric-core_none_90166c82d8d2d49b05a4.js","integrity":"sha256-89hq1JtGV8nT6PgqcFufuXM4iemaFNTkTWIbuqq1qVg="}},"@microsoft/load-themed-styles":{"type":"component","id":"229b8d08-79f3-438b-8c21-4613fc877abd","version":"0.1.2"}}}},"relativeManifestPath":"node_modules/@microsoft/sp-office-ui-fabric-core/dist/29bd516f-4ece-40b7-8028-597cbc65a223.manifest.json","packageName":"@microsoft/sp-office-ui-fabric-core"},{"manifestCreationTime":1726646473668,"manifestData":{"manifestVersion":2,"id":"2c46c8f0-e214-4f49-951e-fd5b9d7b4ae1","alias":"SPImageHelper","componentType":"Library","version":"1.19.0","loaderConfig":{"internalModuleBaseUrls":["https://localhost:4321/dist/"],"entryModuleId":"sp-image-helper","scriptResources":{"sp-image-helper":{"type":"path","path":{"path":"sp-image-helper_none_b58d14d70fbdb2141e47.js","integrity":"sha256-nJICC3dpOSoYxwCElhJMMI42klG1Z5WPW0kdCChb5nc="}},"@microsoft/sp-lodash-subset":{"type":"component","id":"73e1dc6c-8441-42cc-ad47-4bd3659f8a3a","version":"1.19.0"},"@microsoft/sp-diagnostics":{"type":"component","id":"78359e4b-07c2-43c6-8d0b-d060b4d577e8","version":"1.19.0"},"@microsoft/sp-core-library":{"type":"component","id":"7263c7d0-1d6a-45ec-8d85-d4d1d234171b","version":"1.19.0"},"@microsoft/sp-page-context":{"type":"component","id":"1c4541f7-5c31-41aa-9fa8-fbc9dc14c0a8","version":"1.19.0"},"@ms/odsp-core-bundle":{"type":"component","id":"2e09fb9b-13bb-48f2-859f-97d6fff71176","version":"1.4.85"},"tslib":{"type":"component","id":"01c4df03-e775-48cb-aa14-171ee5199a15","version":"2.3.1"}}}},"relativeManifestPath":"node_modules/@microsoft/sp-image-helper/dist/2c46c8f0-e214-4f49-951e-fd5b9d7b4ae1.manifest.json","packageName":"@microsoft/sp-image-helper"},{"manifestCreationTime":1726646485837,"manifestData":{"id":"f9e737b7-f0df-4597-ba8c-3060f82380db","alias":"SPPropertyPane","componentType":"Library","version":"1.19.0","manifestVersion":2,"loaderConfig":{"internalModuleBaseUrls":["https://localhost:4321/dist/"],"entryModuleId":"sp-property-pane","scriptResources":{"sp-property-pane":{"type":"localizedPath","paths":{"default":{"path":"sp-property-pane_default_a678f6a93c1e527ac4d2.js","integrity":"sha256-obopXVFPsZ7hDYkCv35P7XA3lGj2K0iO5PjYbmzRiLU="},"en-US":{"path":"sp-property-pane_en-us_f1b52fd29df2803fb3dd.js","integrity":"sha256-AfYXTkmJ3sNrl+1+CwvlqeeOFPTd8ZqnSr6ZOjftnzI="},"qps-ploca":{"path":"sp-property-pane_qps-ploca_2daaa89cf9ed7d2f9aad.js","integrity":"sha256-dI68D1XASsV+FxgESShVlQOKisFhFJ7hE+z2Qt2mL3A="},"qps-ploc":{"path":"sp-property-pane_qps-ploc_51ab5de608e30a472596.js","integrity":"sha256-LjGOBGxkQmtbvazNbqXeHnlIxaW9RKf3yZyKova4dDw="},"en-GB":{"path":"sp-property-pane_en-us_f1b52fd29df2803fb3dd.js","integrity":"sha256-AfYXTkmJ3sNrl+1+CwvlqeeOFPTd8ZqnSr6ZOjftnzI="},"en-NZ":{"path":"sp-property-pane_en-us_f1b52fd29df2803fb3dd.js","integrity":"sha256-AfYXTkmJ3sNrl+1+CwvlqeeOFPTd8ZqnSr6ZOjftnzI="},"en-IE":{"path":"sp-property-pane_en-us_f1b52fd29df2803fb3dd.js","integrity":"sha256-AfYXTkmJ3sNrl+1+CwvlqeeOFPTd8ZqnSr6ZOjftnzI="},"en-AU":{"path":"sp-property-pane_en-us_f1b52fd29df2803fb3dd.js","integrity":"sha256-AfYXTkmJ3sNrl+1+CwvlqeeOFPTd8ZqnSr6ZOjftnzI="},"bn":{"path":"sp-property-pane_en-us_f1b52fd29df2803fb3dd.js","integrity":"sha256-AfYXTkmJ3sNrl+1+CwvlqeeOFPTd8ZqnSr6ZOjftnzI="},"chr":{"path":"sp-property-pane_en-us_f1b52fd29df2803fb3dd.js","integrity":"sha256-AfYXTkmJ3sNrl+1+CwvlqeeOFPTd8ZqnSr6ZOjftnzI="},"dv":{"path":"sp-property-pane_en-us_f1b52fd29df2803fb3dd.js","integrity":"sha256-AfYXTkmJ3sNrl+1+CwvlqeeOFPTd8ZqnSr6ZOjftnzI="},"div":{"path":"sp-property-pane_en-us_f1b52fd29df2803fb3dd.js","integrity":"sha256-AfYXTkmJ3sNrl+1+CwvlqeeOFPTd8ZqnSr6ZOjftnzI="},"en":{"path":"sp-property-pane_en-us_f1b52fd29df2803fb3dd.js","integrity":"sha256-AfYXTkmJ3sNrl+1+CwvlqeeOFPTd8ZqnSr6ZOjftnzI="},"fil":{"path":"sp-property-pane_en-us_f1b52fd29df2803fb3dd.js","integrity":"sha256-AfYXTkmJ3sNrl+1+CwvlqeeOFPTd8ZqnSr6ZOjftnzI="},"haw":{"path":"sp-property-pane_en-us_f1b52fd29df2803fb3dd.js","integrity":"sha256-AfYXTkmJ3sNrl+1+CwvlqeeOFPTd8ZqnSr6ZOjftnzI="},"iu":{"path":"sp-property-pane_en-us_f1b52fd29df2803fb3dd.js","integrity":"sha256-AfYXTkmJ3sNrl+1+CwvlqeeOFPTd8ZqnSr6ZOjftnzI="},"lo":{"path":"sp-property-pane_en-us_f1b52fd29df2803fb3dd.js","integrity":"sha256-AfYXTkmJ3sNrl+1+CwvlqeeOFPTd8ZqnSr6ZOjftnzI="},"moh":{"path":"sp-property-pane_en-us_f1b52fd29df2803fb3dd.js","integrity":"sha256-AfYXTkmJ3sNrl+1+CwvlqeeOFPTd8ZqnSr6ZOjftnzI="},"sq":{"path":"sp-property-pane_en-us_f1b52fd29df2803fb3dd.js","integrity":"sha256-AfYXTkmJ3sNrl+1+CwvlqeeOFPTd8ZqnSr6ZOjftnzI="},"am":{"path":"sp-property-pane_en-us_f1b52fd29df2803fb3dd.js","integrity":"sha256-AfYXTkmJ3sNrl+1+CwvlqeeOFPTd8ZqnSr6ZOjftnzI="},"hy":{"path":"sp-property-pane_en-us_f1b52fd29df2803fb3dd.js","integrity":"sha256-AfYXTkmJ3sNrl+1+CwvlqeeOFPTd8ZqnSr6ZOjftnzI="},"mk":{"path":"sp-property-pane_en-us_f1b52fd29df2803fb3dd.js","integrity":"sha256-AfYXTkmJ3sNrl+1+CwvlqeeOFPTd8ZqnSr6ZOjftnzI="},"bs":{"path":"sp-property-pane_en-us_f1b52fd29df2803fb3dd.js","integrity":"sha256-AfYXTkmJ3sNrl+1+CwvlqeeOFPTd8ZqnSr6ZOjftnzI="},"my":{"path":"sp-property-pane_en-us_f1b52fd29df2803fb3dd.js","integrity":"sha256-AfYXTkmJ3sNrl+1+CwvlqeeOFPTd8ZqnSr6ZOjftnzI="},"dz":{"path":"sp-property-pane_en-us_f1b52fd29df2803fb3dd.js","integrity":"sha256-AfYXTkmJ3sNrl+1+CwvlqeeOFPTd8ZqnSr6ZOjftnzI="},"en-CY":{"path":"sp-property-pane_en-us_f1b52fd29df2803fb3dd.js","integrity":"sha256-AfYXTkmJ3sNrl+1+CwvlqeeOFPTd8ZqnSr6ZOjftnzI="},"en-EG":{"path":"sp-property-pane_en-us_f1b52fd29df2803fb3dd.js","integrity":"sha256-AfYXTkmJ3sNrl+1+CwvlqeeOFPTd8ZqnSr6ZOjftnzI="},"en-IL":{"path":"sp-property-pane_en-us_f1b52fd29df2803fb3dd.js","integrity":"sha256-AfYXTkmJ3sNrl+1+CwvlqeeOFPTd8ZqnSr6ZOjftnzI="},"en-IS":{"path":"sp-property-pane_en-us_f1b52fd29df2803fb3dd.js","integrity":"sha256-AfYXTkmJ3sNrl+1+CwvlqeeOFPTd8ZqnSr6ZOjftnzI="},"en-JO":{"path":"sp-property-pane_en-us_f1b52fd29df2803fb3dd.js","integrity":"sha256-AfYXTkmJ3sNrl+1+CwvlqeeOFPTd8ZqnSr6ZOjftnzI="},"en-KE":{"path":"sp-property-pane_en-us_f1b52fd29df2803fb3dd.js","integrity":"sha256-AfYXTkmJ3sNrl+1+CwvlqeeOFPTd8ZqnSr6ZOjftnzI="},"en-KW":{"path":"sp-property-pane_en-us_f1b52fd29df2803fb3dd.js","integrity":"sha256-AfYXTkmJ3sNrl+1+CwvlqeeOFPTd8ZqnSr6ZOjftnzI="},"en-MK":{"path":"sp-property-pane_en-us_f1b52fd29df2803fb3dd.js","integrity":"sha256-AfYXTkmJ3sNrl+1+CwvlqeeOFPTd8ZqnSr6ZOjftnzI="},"en-MT":{"path":"sp-property-pane_en-us_f1b52fd29df2803fb3dd.js","integrity":"sha256-AfYXTkmJ3sNrl+1+CwvlqeeOFPTd8ZqnSr6ZOjftnzI="},"en-PK":{"path":"sp-property-pane_en-us_f1b52fd29df2803fb3dd.js","integrity":"sha256-AfYXTkmJ3sNrl+1+CwvlqeeOFPTd8ZqnSr6ZOjftnzI="},"en-QA":{"path":"sp-property-pane_en-us_f1b52fd29df2803fb3dd.js","integrity":"sha256-AfYXTkmJ3sNrl+1+CwvlqeeOFPTd8ZqnSr6ZOjftnzI="},"en-SA":{"path":"sp-property-pane_en-us_f1b52fd29df2803fb3dd.js","integrity":"sha256-AfYXTkmJ3sNrl+1+CwvlqeeOFPTd8ZqnSr6ZOjftnzI="},"en-LK":{"path":"sp-property-pane_en-us_f1b52fd29df2803fb3dd.js","integrity":"sha256-AfYXTkmJ3sNrl+1+CwvlqeeOFPTd8ZqnSr6ZOjftnzI="},"en-AE":{"path":"sp-property-pane_en-us_f1b52fd29df2803fb3dd.js","integrity":"sha256-AfYXTkmJ3sNrl+1+CwvlqeeOFPTd8ZqnSr6ZOjftnzI="},"en-VN":{"path":"sp-property-pane_en-us_f1b52fd29df2803fb3dd.js","integrity":"sha256-AfYXTkmJ3sNrl+1+CwvlqeeOFPTd8ZqnSr6ZOjftnzI="},"is":{"path":"sp-property-pane_en-us_f1b52fd29df2803fb3dd.js","integrity":"sha256-AfYXTkmJ3sNrl+1+CwvlqeeOFPTd8ZqnSr6ZOjftnzI="},"km":{"path":"sp-property-pane_en-us_f1b52fd29df2803fb3dd.js","integrity":"sha256-AfYXTkmJ3sNrl+1+CwvlqeeOFPTd8ZqnSr6ZOjftnzI="},"kh":{"path":"sp-property-pane_en-us_f1b52fd29df2803fb3dd.js","integrity":"sha256-AfYXTkmJ3sNrl+1+CwvlqeeOFPTd8ZqnSr6ZOjftnzI="},"mt":{"path":"sp-property-pane_en-us_f1b52fd29df2803fb3dd.js","integrity":"sha256-AfYXTkmJ3sNrl+1+CwvlqeeOFPTd8ZqnSr6ZOjftnzI="},"fa":{"path":"sp-property-pane_en-us_f1b52fd29df2803fb3dd.js","integrity":"sha256-AfYXTkmJ3sNrl+1+CwvlqeeOFPTd8ZqnSr6ZOjftnzI="},"gd":{"path":"sp-property-pane_en-us_f1b52fd29df2803fb3dd.js","integrity":"sha256-AfYXTkmJ3sNrl+1+CwvlqeeOFPTd8ZqnSr6ZOjftnzI="},"sr-Cyrl-BA":{"path":"sp-property-pane_en-us_f1b52fd29df2803fb3dd.js","integrity":"sha256-AfYXTkmJ3sNrl+1+CwvlqeeOFPTd8ZqnSr6ZOjftnzI="},"sr-Latn-BA":{"path":"sp-property-pane_en-us_f1b52fd29df2803fb3dd.js","integrity":"sha256-AfYXTkmJ3sNrl+1+CwvlqeeOFPTd8ZqnSr6ZOjftnzI="},"sd":{"path":"sp-property-pane_en-us_f1b52fd29df2803fb3dd.js","integrity":"sha256-AfYXTkmJ3sNrl+1+CwvlqeeOFPTd8ZqnSr6ZOjftnzI="},"si":{"path":"sp-property-pane_en-us_f1b52fd29df2803fb3dd.js","integrity":"sha256-AfYXTkmJ3sNrl+1+CwvlqeeOFPTd8ZqnSr6ZOjftnzI="},"so":{"path":"sp-property-pane_en-us_f1b52fd29df2803fb3dd.js","integrity":"sha256-AfYXTkmJ3sNrl+1+CwvlqeeOFPTd8ZqnSr6ZOjftnzI="},"ti-ET":{"path":"sp-property-pane_en-us_f1b52fd29df2803fb3dd.js","integrity":"sha256-AfYXTkmJ3sNrl+1+CwvlqeeOFPTd8ZqnSr6ZOjftnzI="},"uz":{"path":"sp-property-pane_en-us_f1b52fd29df2803fb3dd.js","integrity":"sha256-AfYXTkmJ3sNrl+1+CwvlqeeOFPTd8ZqnSr6ZOjftnzI="},"en-SG":{"path":"sp-property-pane_en-us_f1b52fd29df2803fb3dd.js","integrity":"sha256-AfYXTkmJ3sNrl+1+CwvlqeeOFPTd8ZqnSr6ZOjftnzI="},"en-HK":{"path":"sp-property-pane_en-us_f1b52fd29df2803fb3dd.js","integrity":"sha256-AfYXTkmJ3sNrl+1+CwvlqeeOFPTd8ZqnSr6ZOjftnzI="},"en-MY":{"path":"sp-property-pane_en-us_f1b52fd29df2803fb3dd.js","integrity":"sha256-AfYXTkmJ3sNrl+1+CwvlqeeOFPTd8ZqnSr6ZOjftnzI="},"en-PH":{"path":"sp-property-pane_en-us_f1b52fd29df2803fb3dd.js","integrity":"sha256-AfYXTkmJ3sNrl+1+CwvlqeeOFPTd8ZqnSr6ZOjftnzI="},"en-TT":{"path":"sp-property-pane_en-us_f1b52fd29df2803fb3dd.js","integrity":"sha256-AfYXTkmJ3sNrl+1+CwvlqeeOFPTd8ZqnSr6ZOjftnzI="},"en-AZ":{"path":"sp-property-pane_en-us_f1b52fd29df2803fb3dd.js","integrity":"sha256-AfYXTkmJ3sNrl+1+CwvlqeeOFPTd8ZqnSr6ZOjftnzI="},"en-BH":{"path":"sp-property-pane_en-us_f1b52fd29df2803fb3dd.js","integrity":"sha256-AfYXTkmJ3sNrl+1+CwvlqeeOFPTd8ZqnSr6ZOjftnzI="},"en-BN":{"path":"sp-property-pane_en-us_f1b52fd29df2803fb3dd.js","integrity":"sha256-AfYXTkmJ3sNrl+1+CwvlqeeOFPTd8ZqnSr6ZOjftnzI="},"en-ID":{"path":"sp-property-pane_en-us_f1b52fd29df2803fb3dd.js","integrity":"sha256-AfYXTkmJ3sNrl+1+CwvlqeeOFPTd8ZqnSr6ZOjftnzI="},"mi":{"path":"sp-property-pane_en-us_f1b52fd29df2803fb3dd.js","integrity":"sha256-AfYXTkmJ3sNrl+1+CwvlqeeOFPTd8ZqnSr6ZOjftnzI="}},"defaultPath":{"path":"sp-property-pane_default_a678f6a93c1e527ac4d2.js","integrity":"sha256-obopXVFPsZ7hDYkCv35P7XA3lGj2K0iO5PjYbmzRiLU="}},"@microsoft/sp-diagnostics":{"type":"component","id":"78359e4b-07c2-43c6-8d0b-d060b4d577e8","version":"1.19.0"},"react":{"type":"component","id":"0d910c1c-13b9-4e1c-9aa4-b008c5e42d7d","version":"17.0.1"},"react-dom":{"type":"component","id":"aa0a46ec-1505-43cd-a44a-93f3a5aa460a","version":"17.0.1"},"@microsoft/sp-core-library":{"type":"component","id":"7263c7d0-1d6a-45ec-8d85-d4d1d234171b","version":"1.19.0"},"@microsoft/load-themed-styles":{"type":"component","id":"229b8d08-79f3-438b-8c21-4613fc877abd","version":"0.1.2"},"@ms/sp-fluentui-migration-reactdom-render-bundle":{"type":"component","id":"63d75709-2785-4c91-97ad-489b171397d4","version":"0.1.0"},"tslib":{"type":"component","id":"01c4df03-e775-48cb-aa14-171ee5199a15","version":"2.3.1"},"@ms/office-ui-fabric-react-bundle":{"type":"component","id":"396bbc17-3d18-4f43-8299-d99720d88e22","version":"1.19.0"},"@ms/sp-component-utilities":{"type":"component","id":"8494e7d7-6b99-47b2-a741-59873e42f16f","version":"12.40.61"},"@ms/sp-fluentui-migration-tooltip-bundle":{"type":"component","id":"fab65e60-a04f-4772-874c-10691e4afa4b","version":"0.1.0"},"@ms/sp-fluentui-migration-button-bundle":{"type":"component","id":"0ad7e31a-8df9-4659-add8-a32c8e40040d","version":"0.1.0"},"@ms/sp-fluentui-migration-label-bundle":{"type":"component","id":"ffe5c101-373a-4bd2-bebb-13082852bab0","version":"0.1.0"},"@ms/sp-heading-level":{"type":"component","id":"bf211556-3cf0-412c-9618-a4f0e7069ebf","version":"0.1.0"},"@microsoft/sp-loader":{"type":"component","id":"1c6c9123-7aac-41f3-a376-3caea41ed83f","version":"1.19.0"}}}},"relativeManifestPath":"node_modules/@microsoft/sp-property-pane/dist/f9e737b7-f0df-4597-ba8c-3060f82380db.manifest.json","packageName":"@microsoft/sp-property-pane"},{"manifestCreationTime":1726646472311,"manifestData":{"manifestVersion":2,"id":"d5c7f2a5-a8e2-431c-9161-70d4d6396f79","alias":"SpTopActions","componentType":"Library","version":"1.19.0","loaderConfig":{"internalModuleBaseUrls":["https://localhost:4321/dist/"],"entryModuleId":"sp-top-actions","scriptResources":{"sp-top-actions":{"type":"path","path":{"path":"sp-top-actions_none_ab58f213730b30bd0ea9.js","integrity":"sha256-JbuFH4G4ul9rUHQu0HxADFEvjGGcb1rAYKN9F11WONM="}}}}},"relativeManifestPath":"node_modules/@microsoft/sp-top-actions/dist/d5c7f2a5-a8e2-431c-9161-70d4d6396f79.manifest.json","packageName":"@microsoft/sp-top-actions"},{"manifestCreationTime":1726646482613,"manifestData":{"id":"974a7777-0990-4136-8fa6-95d80114c2e0","alias":"SPWebPartBase","componentType":"Library","version":"1.19.0","manifestVersion":2,"preloadComponents":["f9e737b7-f0df-4597-ba8c-3060f82380db"],"loaderConfig":{"internalModuleBaseUrls":["https://localhost:4321/dist/"],"entryModuleId":"sp-webpart-base","scriptResources":{"sp-webpart-base":{"type":"localizedPath","paths":{"default":{"path":"sp-webpart-base_default_a72495fecbb91db95f8a.js","integrity":"sha256-n9RFf1M1ksyXZkgQz5ulwH26dX5Ur9OuBBTIdFCssJQ="},"en-US":{"path":"sp-webpart-base_en-us_5c936b849479c904816b.js","integrity":"sha256-Hk+AlnBfi2KSwq8Tzp0v/cMstUXtJ3nERX2U2efQKi4="},"qps-ploca":{"path":"sp-webpart-base_qps-ploca_42df4223d936ddbbb734.js","integrity":"sha256-XIiystOP6k9mAn+jNrRnQJgCz0RiXTV3mhroPRRRuqg="},"qps-ploc":{"path":"sp-webpart-base_qps-ploc_a6e34f2bb4d8aa2e154e.js","integrity":"sha256-27YBJHS8BFXlA9r1NUTnobiTdQiKYo0OXjsLIYDCJkY="},"en-GB":{"path":"sp-webpart-base_en-us_5c936b849479c904816b.js","integrity":"sha256-Hk+AlnBfi2KSwq8Tzp0v/cMstUXtJ3nERX2U2efQKi4="},"en-NZ":{"path":"sp-webpart-base_en-us_5c936b849479c904816b.js","integrity":"sha256-Hk+AlnBfi2KSwq8Tzp0v/cMstUXtJ3nERX2U2efQKi4="},"en-IE":{"path":"sp-webpart-base_en-us_5c936b849479c904816b.js","integrity":"sha256-Hk+AlnBfi2KSwq8Tzp0v/cMstUXtJ3nERX2U2efQKi4="},"en-AU":{"path":"sp-webpart-base_en-us_5c936b849479c904816b.js","integrity":"sha256-Hk+AlnBfi2KSwq8Tzp0v/cMstUXtJ3nERX2U2efQKi4="},"bn":{"path":"sp-webpart-base_en-us_5c936b849479c904816b.js","integrity":"sha256-Hk+AlnBfi2KSwq8Tzp0v/cMstUXtJ3nERX2U2efQKi4="},"chr":{"path":"sp-webpart-base_en-us_5c936b849479c904816b.js","integrity":"sha256-Hk+AlnBfi2KSwq8Tzp0v/cMstUXtJ3nERX2U2efQKi4="},"dv":{"path":"sp-webpart-base_en-us_5c936b849479c904816b.js","integrity":"sha256-Hk+AlnBfi2KSwq8Tzp0v/cMstUXtJ3nERX2U2efQKi4="},"div":{"path":"sp-webpart-base_en-us_5c936b849479c904816b.js","integrity":"sha256-Hk+AlnBfi2KSwq8Tzp0v/cMstUXtJ3nERX2U2efQKi4="},"en":{"path":"sp-webpart-base_en-us_5c936b849479c904816b.js","integrity":"sha256-Hk+AlnBfi2KSwq8Tzp0v/cMstUXtJ3nERX2U2efQKi4="},"fil":{"path":"sp-webpart-base_en-us_5c936b849479c904816b.js","integrity":"sha256-Hk+AlnBfi2KSwq8Tzp0v/cMstUXtJ3nERX2U2efQKi4="},"haw":{"path":"sp-webpart-base_en-us_5c936b849479c904816b.js","integrity":"sha256-Hk+AlnBfi2KSwq8Tzp0v/cMstUXtJ3nERX2U2efQKi4="},"iu":{"path":"sp-webpart-base_en-us_5c936b849479c904816b.js","integrity":"sha256-Hk+AlnBfi2KSwq8Tzp0v/cMstUXtJ3nERX2U2efQKi4="},"lo":{"path":"sp-webpart-base_en-us_5c936b849479c904816b.js","integrity":"sha256-Hk+AlnBfi2KSwq8Tzp0v/cMstUXtJ3nERX2U2efQKi4="},"moh":{"path":"sp-webpart-base_en-us_5c936b849479c904816b.js","integrity":"sha256-Hk+AlnBfi2KSwq8Tzp0v/cMstUXtJ3nERX2U2efQKi4="},"sq":{"path":"sp-webpart-base_en-us_5c936b849479c904816b.js","integrity":"sha256-Hk+AlnBfi2KSwq8Tzp0v/cMstUXtJ3nERX2U2efQKi4="},"am":{"path":"sp-webpart-base_en-us_5c936b849479c904816b.js","integrity":"sha256-Hk+AlnBfi2KSwq8Tzp0v/cMstUXtJ3nERX2U2efQKi4="},"hy":{"path":"sp-webpart-base_en-us_5c936b849479c904816b.js","integrity":"sha256-Hk+AlnBfi2KSwq8Tzp0v/cMstUXtJ3nERX2U2efQKi4="},"mk":{"path":"sp-webpart-base_en-us_5c936b849479c904816b.js","integrity":"sha256-Hk+AlnBfi2KSwq8Tzp0v/cMstUXtJ3nERX2U2efQKi4="},"bs":{"path":"sp-webpart-base_en-us_5c936b849479c904816b.js","integrity":"sha256-Hk+AlnBfi2KSwq8Tzp0v/cMstUXtJ3nERX2U2efQKi4="},"my":{"path":"sp-webpart-base_en-us_5c936b849479c904816b.js","integrity":"sha256-Hk+AlnBfi2KSwq8Tzp0v/cMstUXtJ3nERX2U2efQKi4="},"dz":{"path":"sp-webpart-base_en-us_5c936b849479c904816b.js","integrity":"sha256-Hk+AlnBfi2KSwq8Tzp0v/cMstUXtJ3nERX2U2efQKi4="},"en-CY":{"path":"sp-webpart-base_en-us_5c936b849479c904816b.js","integrity":"sha256-Hk+AlnBfi2KSwq8Tzp0v/cMstUXtJ3nERX2U2efQKi4="},"en-EG":{"path":"sp-webpart-base_en-us_5c936b849479c904816b.js","integrity":"sha256-Hk+AlnBfi2KSwq8Tzp0v/cMstUXtJ3nERX2U2efQKi4="},"en-IL":{"path":"sp-webpart-base_en-us_5c936b849479c904816b.js","integrity":"sha256-Hk+AlnBfi2KSwq8Tzp0v/cMstUXtJ3nERX2U2efQKi4="},"en-IS":{"path":"sp-webpart-base_en-us_5c936b849479c904816b.js","integrity":"sha256-Hk+AlnBfi2KSwq8Tzp0v/cMstUXtJ3nERX2U2efQKi4="},"en-JO":{"path":"sp-webpart-base_en-us_5c936b849479c904816b.js","integrity":"sha256-Hk+AlnBfi2KSwq8Tzp0v/cMstUXtJ3nERX2U2efQKi4="},"en-KE":{"path":"sp-webpart-base_en-us_5c936b849479c904816b.js","integrity":"sha256-Hk+AlnBfi2KSwq8Tzp0v/cMstUXtJ3nERX2U2efQKi4="},"en-KW":{"path":"sp-webpart-base_en-us_5c936b849479c904816b.js","integrity":"sha256-Hk+AlnBfi2KSwq8Tzp0v/cMstUXtJ3nERX2U2efQKi4="},"en-MK":{"path":"sp-webpart-base_en-us_5c936b849479c904816b.js","integrity":"sha256-Hk+AlnBfi2KSwq8Tzp0v/cMstUXtJ3nERX2U2efQKi4="},"en-MT":{"path":"sp-webpart-base_en-us_5c936b849479c904816b.js","integrity":"sha256-Hk+AlnBfi2KSwq8Tzp0v/cMstUXtJ3nERX2U2efQKi4="},"en-PK":{"path":"sp-webpart-base_en-us_5c936b849479c904816b.js","integrity":"sha256-Hk+AlnBfi2KSwq8Tzp0v/cMstUXtJ3nERX2U2efQKi4="},"en-QA":{"path":"sp-webpart-base_en-us_5c936b849479c904816b.js","integrity":"sha256-Hk+AlnBfi2KSwq8Tzp0v/cMstUXtJ3nERX2U2efQKi4="},"en-SA":{"path":"sp-webpart-base_en-us_5c936b849479c904816b.js","integrity":"sha256-Hk+AlnBfi2KSwq8Tzp0v/cMstUXtJ3nERX2U2efQKi4="},"en-LK":{"path":"sp-webpart-base_en-us_5c936b849479c904816b.js","integrity":"sha256-Hk+AlnBfi2KSwq8Tzp0v/cMstUXtJ3nERX2U2efQKi4="},"en-AE":{"path":"sp-webpart-base_en-us_5c936b849479c904816b.js","integrity":"sha256-Hk+AlnBfi2KSwq8Tzp0v/cMstUXtJ3nERX2U2efQKi4="},"en-VN":{"path":"sp-webpart-base_en-us_5c936b849479c904816b.js","integrity":"sha256-Hk+AlnBfi2KSwq8Tzp0v/cMstUXtJ3nERX2U2efQKi4="},"is":{"path":"sp-webpart-base_en-us_5c936b849479c904816b.js","integrity":"sha256-Hk+AlnBfi2KSwq8Tzp0v/cMstUXtJ3nERX2U2efQKi4="},"km":{"path":"sp-webpart-base_en-us_5c936b849479c904816b.js","integrity":"sha256-Hk+AlnBfi2KSwq8Tzp0v/cMstUXtJ3nERX2U2efQKi4="},"kh":{"path":"sp-webpart-base_en-us_5c936b849479c904816b.js","integrity":"sha256-Hk+AlnBfi2KSwq8Tzp0v/cMstUXtJ3nERX2U2efQKi4="},"mt":{"path":"sp-webpart-base_en-us_5c936b849479c904816b.js","integrity":"sha256-Hk+AlnBfi2KSwq8Tzp0v/cMstUXtJ3nERX2U2efQKi4="},"fa":{"path":"sp-webpart-base_en-us_5c936b849479c904816b.js","integrity":"sha256-Hk+AlnBfi2KSwq8Tzp0v/cMstUXtJ3nERX2U2efQKi4="},"gd":{"path":"sp-webpart-base_en-us_5c936b849479c904816b.js","integrity":"sha256-Hk+AlnBfi2KSwq8Tzp0v/cMstUXtJ3nERX2U2efQKi4="},"sr-Cyrl-BA":{"path":"sp-webpart-base_en-us_5c936b849479c904816b.js","integrity":"sha256-Hk+AlnBfi2KSwq8Tzp0v/cMstUXtJ3nERX2U2efQKi4="},"sr-Latn-BA":{"path":"sp-webpart-base_en-us_5c936b849479c904816b.js","integrity":"sha256-Hk+AlnBfi2KSwq8Tzp0v/cMstUXtJ3nERX2U2efQKi4="},"sd":{"path":"sp-webpart-base_en-us_5c936b849479c904816b.js","integrity":"sha256-Hk+AlnBfi2KSwq8Tzp0v/cMstUXtJ3nERX2U2efQKi4="},"si":{"path":"sp-webpart-base_en-us_5c936b849479c904816b.js","integrity":"sha256-Hk+AlnBfi2KSwq8Tzp0v/cMstUXtJ3nERX2U2efQKi4="},"so":{"path":"sp-webpart-base_en-us_5c936b849479c904816b.js","integrity":"sha256-Hk+AlnBfi2KSwq8Tzp0v/cMstUXtJ3nERX2U2efQKi4="},"ti-ET":{"path":"sp-webpart-base_en-us_5c936b849479c904816b.js","integrity":"sha256-Hk+AlnBfi2KSwq8Tzp0v/cMstUXtJ3nERX2U2efQKi4="},"uz":{"path":"sp-webpart-base_en-us_5c936b849479c904816b.js","integrity":"sha256-Hk+AlnBfi2KSwq8Tzp0v/cMstUXtJ3nERX2U2efQKi4="},"en-SG":{"path":"sp-webpart-base_en-us_5c936b849479c904816b.js","integrity":"sha256-Hk+AlnBfi2KSwq8Tzp0v/cMstUXtJ3nERX2U2efQKi4="},"en-HK":{"path":"sp-webpart-base_en-us_5c936b849479c904816b.js","integrity":"sha256-Hk+AlnBfi2KSwq8Tzp0v/cMstUXtJ3nERX2U2efQKi4="},"en-MY":{"path":"sp-webpart-base_en-us_5c936b849479c904816b.js","integrity":"sha256-Hk+AlnBfi2KSwq8Tzp0v/cMstUXtJ3nERX2U2efQKi4="},"en-PH":{"path":"sp-webpart-base_en-us_5c936b849479c904816b.js","integrity":"sha256-Hk+AlnBfi2KSwq8Tzp0v/cMstUXtJ3nERX2U2efQKi4="},"en-TT":{"path":"sp-webpart-base_en-us_5c936b849479c904816b.js","integrity":"sha256-Hk+AlnBfi2KSwq8Tzp0v/cMstUXtJ3nERX2U2efQKi4="},"en-AZ":{"path":"sp-webpart-base_en-us_5c936b849479c904816b.js","integrity":"sha256-Hk+AlnBfi2KSwq8Tzp0v/cMstUXtJ3nERX2U2efQKi4="},"en-BH":{"path":"sp-webpart-base_en-us_5c936b849479c904816b.js","integrity":"sha256-Hk+AlnBfi2KSwq8Tzp0v/cMstUXtJ3nERX2U2efQKi4="},"en-BN":{"path":"sp-webpart-base_en-us_5c936b849479c904816b.js","integrity":"sha256-Hk+AlnBfi2KSwq8Tzp0v/cMstUXtJ3nERX2U2efQKi4="},"en-ID":{"path":"sp-webpart-base_en-us_5c936b849479c904816b.js","integrity":"sha256-Hk+AlnBfi2KSwq8Tzp0v/cMstUXtJ3nERX2U2efQKi4="},"mi":{"path":"sp-webpart-base_en-us_5c936b849479c904816b.js","integrity":"sha256-Hk+AlnBfi2KSwq8Tzp0v/cMstUXtJ3nERX2U2efQKi4="}},"defaultPath":{"path":"sp-webpart-base_default_a72495fecbb91db95f8a.js","integrity":"sha256-n9RFf1M1ksyXZkgQz5ulwH26dX5Ur9OuBBTIdFCssJQ="}},"tslib":{"type":"component","id":"01c4df03-e775-48cb-aa14-171ee5199a15","version":"2.3.1"},"@microsoft/sp-component-base":{"type":"component","id":"467dc675-7cc5-4709-8aac-78e3b71bd2f6","version":"1.19.0"},"@microsoft/sp-core-library":{"type":"component","id":"7263c7d0-1d6a-45ec-8d85-d4d1d234171b","version":"1.19.0"},"@ms/sp-edit-customer-promise":{"type":"component","id":"42647dee-1f75-4b9f-b521-5c844a6c35cc","version":"0.1.0"},"@ms/sp-telemetry":{"type":"component","id":"8217e442-8ed3-41fd-957d-b112e841286a","version":"0.32.6"},"@microsoft/sp-diagnostics":{"type":"component","id":"78359e4b-07c2-43c6-8d0b-d060b4d577e8","version":"1.19.0"},"@microsoft/sp-lodash-subset":{"type":"component","id":"73e1dc6c-8441-42cc-ad47-4bd3659f8a3a","version":"1.19.0"},"@microsoft/load-themed-styles":{"type":"component","id":"229b8d08-79f3-438b-8c21-4613fc877abd","version":"0.1.2"},"@microsoft/sp-http":{"type":"component","id":"c07208f0-ea3b-4c1a-9965-ac1b825211a6","version":"1.19.0"},"@microsoft/sp-loader":{"type":"component","id":"1c6c9123-7aac-41f3-a376-3caea41ed83f","version":"1.19.0"},"@microsoft/sp-page-context":{"type":"component","id":"1c4541f7-5c31-41aa-9fa8-fbc9dc14c0a8","version":"1.19.0"}}}},"relativeManifestPath":"node_modules/@microsoft/sp-webpart-base/dist/974a7777-0990-4136-8fa6-95d80114c2e0.manifest.json","packageName":"@microsoft/sp-webpart-base"}]