<?xml version="1.0" encoding="utf-8"?><App xmlns="http://schemas.microsoft.com/sharepoint/2012/app/manifest" Name="mis-pnp-upload-client-side-solution" ProductID="05bbceed-cb2d-4c79-905b-6936f9634b0a" SharePointMinVersion="16.0.0.0" IsClientSideSolution="true" Version="1.0.0.0" SkipFeatureDeployment="true" IsDomainIsolated="false"><Properties><Title>mis-pnp-upload-client-side-solution</Title><DeveloperProperties>{&quot;name&quot;:&quot;&quot;,&quot;websiteUrl&quot;:&quot;&quot;,&quot;privacyUrl&quot;:&quot;&quot;,&quot;termsOfUseUrl&quot;:&quot;&quot;,&quot;mpnId&quot;:&quot;Undefined-1.19.0&quot;}</DeveloperProperties><ShortDescription><LocalizedString CultureName="default">mis-pnp-upload description</LocalizedString></ShortDescription><LongDescription><LocalizedString CultureName="default">mis-pnp-upload description</LocalizedString></LongDescription><Screenshots></Screenshots></Properties></App>