{
  "$schema": "https://developer.microsoft.com/json-schemas/spfx/client-side-web-part-manifest.schema.json",
  "id": "537c66cf-289c-4aa0-b833-200d1abab242",
  "alias": "MisPnpUoloadWebPart",
  "componentType": "WebPart",


  "version": "*",
  "manifestVersion": 2,


  "requiresCustomScript": false,
  "supportedHosts": ["SharePointWebPart", "TeamsPersonalApp", "TeamsTab", "SharePointFullPage"],
  "supportsThemeVariants": true,

  "preconfiguredEntries": [{
    "groupId": "5c03119e-3074-46fd-976b-c60198311f70", 
    "group": { "default": "Advanced" },
    "title": { "default": "mis-pnp-upload" },
    "description": { "default": "mis-pnp-upload description" },
    "officeFabricIconFontName": "Page",
    "properties": {
      "description": "mis-pnp-upload"
    }
  }]
}
